status,experiment,model,train_source,loss_mode,dmd_rank,feature_set,test_set,best_model,n_features,positive_class_rate,mean_ai_probability_human,mean_ai_probability_ai,auroc,auprc,accuracy,balanced_accuracy,precision,recall,tpr,specificity,tnr,f1,mcc,fpr,fnr,tpr_at_fpr_1pct,tpr_at_fpr_5pct,tpr_at_fpr_10pct,fpr_at_tpr_90pct,fpr_at_tpr_95pct,brier_score,expected_calibration_error,ECE,log_loss
ok,leave_out_ghostbuster_qwen25_1_5b_recon_only_hidden_to_obs3072_rank16_len256,qwen25_1_5b,leave_out_ghostbuster,recon_only,16,strict_koopman_spectral_only,all_samples,RandomForest,39,0.5,0.8714444444444442,0.8722222222222221,0.4706222222222222,0.47498041772915955,0.5033333333333333,0.5033333333333334,0.5017182130584192,0.9733333333333334,0.9733333333333334,0.03333333333333333,0.03333333333333333,0.6621315192743764,0.019540346058684974,0.9666666666666667,0.02666666666666667,0.0,0.02,0.06,0.8466666666666667,0.9266666666666666,0.4033984814814815,0.3792777777777779,0.3792777777777779,1.5149478608499278
ok,leave_out_ghostbuster_qwen25_1_5b_recon_only_hidden_to_obs3072_rank16_len256,qwen25_1_5b,leave_out_ghostbuster,recon_only,16,strict_koopman_spectral_only,m4_test,RandomForest,39,0.8488549618320611,0.5739618406285073,0.9043605115907274,0.9086427827435022,0.979873751893504,0.8926208651399491,0.6752234575975583,0.8970027247956404,0.986810551558753,0.986810551558753,0.36363636363636365,0.36363636363636365,0.9397659149300599,0.5050202340433763,0.6363636363636364,0.013189448441247002,0.2314148681055156,0.5731414868105515,0.7362110311750599,0.26262626262626265,0.40404040404040403,0.07788253322024315,0.038344359626802514,0.038344359626802514,0.26067023672904616
ok,leave_out_ghostbuster_qwen25_1_5b_recon_only_hidden_to_obs3072_rank16_len256,qwen25_1_5b,leave_out_ghostbuster,recon_only,16,strict_koopman_spectral_only,ghostbuster_test,RandomForest,39,0.5776119402985075,0.7282803297997645,0.9483720930232558,0.9308123556212964,0.9486310759932385,0.6059701492537314,0.5340436993818537,0.5947611710323575,0.9974160206718347,0.9974160206718347,0.0706713780918728,0.0706713780918728,0.7451737451737451,0.193011616068214,0.9293286219081273,0.002583979328165375,0.38242894056847543,0.6976744186046512,0.8036175710594315,0.19434628975265017,0.33568904593639576,0.2387520895522388,0.2777960199004974,0.2777960199004974,0.6725918167598841
ok,leave_out_ghostbuster_qwen25_1_5b_recon_only_hidden_to_obs3072_rank16_len256,qwen25_1_5b,leave_out_ghostbuster,recon_only,16,strict_koopman_spectral_only,hc3_plus_test,RandomForest,39,0.6052631578947368,0.6751111111111111,0.9590269151138716,0.9450162673765159,0.9624384292292265,0.6954887218045113,0.6142857142857143,0.6652892561983471,1.0,1.0,0.22857142857142856,0.22857142857142856,0.7990074441687345,0.3899565561732221,0.7714285714285715,0.0,0.6645962732919255,0.7391304347826086,0.8509316770186336,0.1619047619047619,0.24761904761904763,0.1989824979114453,0.24169172932330826,0.24169172932330826,0.5767467382904169
ok,leave_out_ghostbuster_qwen25_1_5b_recon_only_hidden_to_obs3072_rank16_len256,qwen25_1_5b,leave_out_ghostbuster,recon_only,16,full_plus_strict_koopman,all_samples,RandomForest,315,0.5,0.6149333333333334,0.7092666666666667,0.6782666666666666,0.6540836553554179,0.5733333333333334,0.5733333333333334,0.5447154471544715,0.8933333333333333,0.8933333333333333,0.25333333333333335,0.25333333333333335,0.6767676767676768,0.1908790423082963,0.7466666666666667,0.10666666666666667,0.013333333333333334,0.08,0.2733333333333333,0.76,0.82,0.253075962962963,0.1621000000000001,0.1621000000000001,0.7237265685307093
ok,leave_out_ghostbuster_qwen25_1_5b_recon_only_hidden_to_obs3072_rank16_len256,qwen25_1_5b,leave_out_ghostbuster,recon_only,16,full_plus_strict_koopman,m4_test,RandomForest,315,0.8488549618320611,0.2303030303030303,0.9674380495603516,0.9931105620554062,0.9987192519126885,0.9725190839694656,0.9243120654991159,0.9747058823529412,0.9934052757793765,0.9934052757793765,0.8552188552188552,0.8552188552188552,0.9839667458432304,0.889906188913289,0.1447811447811448,0.006594724220623501,0.8237410071942446,0.9760191846522782,0.9910071942446043,0.020202020202020204,0.037037037037037035,0.022751529544811987,0.03345547073791356,0.03345547073791356,0.08658729209366577
ok,leave_out_ghostbuster_qwen25_1_5b_recon_only_hidden_to_obs3072_rank16_len256,qwen25_1_5b,leave_out_ghostbuster,recon_only,16,full_plus_strict_koopman,ghostbuster_test,RandomForest,315,0.5776119402985075,0.27732626619552414,0.7973987941429803,0.9121492681768794,0.9397070343857042,0.8328358208955224,0.8320322130002465,0.868632707774799,0.8372093023255814,0.8372093023255814,0.8268551236749117,0.8268551236749117,0.8526315789473684,0.6602771611406261,0.17314487632508835,0.16279069767441862,0.5116279069767442,0.6330749354005168,0.7622739018087855,0.28975265017667845,0.5017667844522968,0.1187634328358209,0.041318407960199054,0.041318407960199054,0.36146568082475716
ok,leave_out_ghostbuster_qwen25_1_5b_recon_only_hidden_to_obs3072_rank16_len256,qwen25_1_5b,leave_out_ghostbuster,recon_only,16,full_plus_strict_koopman,hc3_plus_test,RandomForest,315,0.6052631578947368,0.5022539682539683,0.9499792960662525,0.973617272996155,0.9843134850410007,0.7894736842105263,0.7366459627329193,0.7464788732394366,0.9875776397515528,0.9875776397515528,0.4857142857142857,0.4857142857142857,0.8502673796791443,0.5791738517716198,0.5142857142857142,0.012422360248447204,0.8012422360248447,0.9130434782608695,0.9316770186335404,0.0380952380952381,0.10476190476190476,0.1214782372598162,0.16798245614035084,0.16798245614035084,0.35671100358921115
ok,leave_out_ghostbuster_qwen25_1_5b_recon_only_hidden_to_obs3072_rank16_len256,qwen25_1_5b,leave_out_ghostbuster,recon_only,16,transition_plus_strict_koopman,all_samples,RandomForest,529,0.5,0.9492222222222224,0.9469777777777779,0.46028888888888886,0.4677444461181945,0.5,0.5,0.5,1.0,1.0,0.0,0.0,0.6666666666666666,0.0,1.0,0.0,0.006666666666666667,0.02666666666666667,0.04,0.9466666666666667,0.9666666666666667,0.4529764814814815,0.4481,0.4481,1.5942697420676644
ok,leave_out_ghostbuster_qwen25_1_5b_recon_only_hidden_to_obs3072_rank16_len256,qwen25_1_5b,leave_out_ghostbuster,recon_only,16,transition_plus_strict_koopman,m4_test,RandomForest,529,0.8488549618320611,0.8618294051627385,0.9482933653077537,0.7595650752125572,0.9413244475571977,0.8488549618320611,0.5,0.8488549618320611,1.0,1.0,0.0,0.0,0.9182493806771264,0.0,1.0,0.0,0.12290167865707434,0.30935251798561153,0.38788968824940045,0.6094276094276094,0.6902356902356902,0.11989622278767316,0.08636980491942312,0.08636980491942312,0.4146254651192317
ok,leave_out_ghostbuster_qwen25_1_5b_recon_only_hidden_to_obs3072_rank16_len256,qwen25_1_5b,leave_out_ghostbuster,recon_only,16,transition_plus_strict_koopman,ghostbuster_test,RandomForest,529,0.5776119402985075,0.9396819787985866,0.9592075796726959,0.7422868673587713,0.8144459110514434,0.5776119402985075,0.5,0.5776119402985075,1.0,1.0,0.0,0.0,0.7322611163670766,0.0,1.0,0.0,0.16795865633074936,0.27906976744186046,0.38242894056847543,0.8127208480565371,0.8975265017667845,0.3754355389718076,0.37334825870646776,0.37334825870646776,1.272203409455659
ok,leave_out_ghostbuster_qwen25_1_5b_recon_only_hidden_to_obs3072_rank16_len256,qwen25_1_5b,leave_out_ghostbuster,recon_only,16,transition_plus_strict_koopman,hc3_plus_test,RandomForest,529,0.6052631578947368,0.9488571428571428,0.9706418219461698,0.8372966577935523,0.8938103963238301,0.6052631578947368,0.5,0.6052631578947368,1.0,1.0,0.0,0.0,0.7540983606557377,0.0,1.0,0.0,0.34782608695652173,0.515527950310559,0.6273291925465838,0.6,0.8761904761904762,0.3570307852965747,0.3567794486215538,0.3567794486215538,1.2471513004215382
ok,leave_out_ghostbuster_qwen25_1_5b_recon_only_hidden_to_obs3072_rank16_len256,qwen25_1_5b,leave_out_ghostbuster,recon_only,16,full_plus_transition_plus_strict_koopman,all_samples,RandomForest,805,0.5,0.6427777777777777,0.7164666666666668,0.7119777777777777,0.6860197864224458,0.5333333333333333,0.5333333333333333,0.5174825174825175,0.9866666666666667,0.9866666666666667,0.08,0.08,0.6788990825688074,0.15803488531025348,0.92,0.013333333333333334,0.013333333333333334,0.14,0.32,0.6933333333333334,0.84,0.25689111111111107,0.17962222222222224,0.17962222222222224,0.719898604803592
ok,leave_out_ghostbuster_qwen25_1_5b_recon_only_hidden_to_obs3072_rank16_len256,qwen25_1_5b,leave_out_ghostbuster,recon_only,16,full_plus_transition_plus_strict_koopman,m4_test,RandomForest,805,0.8488549618320611,0.25106621773288446,0.9561830535571543,0.9897435586884029,0.9980658665971003,0.9674300254452927,0.9130120146307197,0.9712103407755581,0.9910071942446043,0.9910071942446043,0.835016835016835,0.835016835016835,0.9810089020771513,0.8689829931005038,0.16498316498316498,0.008992805755395683,0.7739808153477218,0.960431654676259,0.9850119904076738,0.037037037037037035,0.04713804713804714,0.027269301668080295,0.03802205258693812,0.03802205258693812,0.10301745703438736
ok,leave_out_ghostbuster_qwen25_1_5b_recon_only_hidden_to_obs3072_rank16_len256,qwen25_1_5b,leave_out_ghostbuster,recon_only,16,full_plus_transition_plus_strict_koopman,ghostbuster_test,RandomForest,805,0.5776119402985075,0.2828975265017668,0.7863479758828595,0.9037490526930908,0.9364516674303148,0.8194029850746268,0.8204043060235023,0.8653846153846154,0.813953488372093,0.813953488372093,0.8268551236749117,0.8268551236749117,0.8388814913448736,0.6354269567143103,0.17314487632508835,0.18604651162790697,0.5167958656330749,0.6873385012919897,0.7648578811369509,0.38869257950530034,0.5512367491166078,0.1240871807628524,0.03749751243781093,0.03749751243781093,0.3750458373726078
ok,leave_out_ghostbuster_qwen25_1_5b_recon_only_hidden_to_obs3072_rank16_len256,qwen25_1_5b,leave_out_ghostbuster,recon_only,16,full_plus_transition_plus_strict_koopman,hc3_plus_test,RandomForest,805,0.6052631578947368,0.5710158730158731,0.9439130434782609,0.9649511978704525,0.9725807321139902,0.7105263157894737,0.6349896480331263,0.6779661016949152,0.9937888198757764,0.9937888198757764,0.2761904761904762,0.2761904761904762,0.8060453400503779,0.41717802078189536,0.7238095238095238,0.006211180124223602,0.7515527950310559,0.8198757763975155,0.9130434782608695,0.09523809523809523,0.10476190476190476,0.14521102756892235,0.1917794486215539,0.1917794486215539,0.530363251784081
ok,leave_out_ghostbuster_qwen25_1_5b_recon_only_hidden_to_obs3072_rank32_len256,qwen25_1_5b,leave_out_ghostbuster,recon_only,32,strict_koopman_spectral_only,all_samples,RandomForest,39,0.5,0.8843333333333334,0.8954222222222222,0.5422222222222223,0.5519728746025099,0.5,0.5,0.5,0.98,0.98,0.02,0.02,0.6621621621621622,0.0,0.98,0.02,0.03333333333333333,0.08,0.08666666666666667,0.8866666666666667,0.9466666666666667,0.41038314814814814,0.3935444444444445,0.3935444444444445,1.4659012494873058
ok,leave_out_ghostbuster_qwen25_1_5b_recon_only_hidden_to_obs3072_rank32_len256,qwen25_1_5b,leave_out_ghostbuster,recon_only,32,strict_koopman_spectral_only,m4_test,RandomForest,39,0.8488549618320611,0.5364758698092033,0.9111011191047163,0.9207977052701273,0.982768878273136,0.8966921119592876,0.6859239880822614,0.9000546149645002,0.988009592326139,0.988009592326139,0.3838383838383838,0.3838383838383838,0.9419834238353816,0.5283784525102106,0.6161616161616161,0.011990407673860911,0.32973621103117506,0.6109112709832134,0.7230215827338129,0.21548821548821548,0.3501683501683502,0.07177420978230138,0.036639525021204454,0.036639525021204454,0.24130752019034196
ok,leave_out_ghostbuster_qwen25_1_5b_recon_only_hidden_to_obs3072_rank32_len256,qwen25_1_5b,leave_out_ghostbuster,recon_only,32,strict_koopman_spectral_only,ghostbuster_test,RandomForest,39,0.5776119402985075,0.7183981154299176,0.9421274763135228,0.9217090786241909,0.9437112068426836,0.6194029850746269,0.5508943490289533,0.6037735849056604,0.9922480620155039,0.9922480620155039,0.10954063604240283,0.10954063604240283,0.750733137829912,0.22907634408273236,0.8904593639575972,0.007751937984496124,0.39276485788113696,0.6408268733850129,0.7596899224806202,0.2332155477031802,0.4028268551236749,0.2357955721393035,0.270044776119403,0.270044776119403,0.6664725902463834
ok,leave_out_ghostbuster_qwen25_1_5b_recon_only_hidden_to_obs3072_rank32_len256,qwen25_1_5b,leave_out_ghostbuster,recon_only,32,strict_koopman_spectral_only,hc3_plus_test,RandomForest,39,0.6052631578947368,0.677015873015873,0.9668115942028985,0.9523809523809524,0.9668364952952199,0.6691729323308271,0.580952380952381,0.6465863453815262,1.0,1.0,0.1619047619047619,0.1619047619047619,0.7853658536585366,0.32355124524542656,0.8380952380952381,0.0,0.4782608695652174,0.6645962732919255,0.8944099378881988,0.10476190476190476,0.1523809523809524,0.19631357560568086,0.247155388471178,0.247155388471178,0.5710775094943173
ok,leave_out_ghostbuster_qwen25_1_5b_recon_only_hidden_to_obs3072_rank32_len256,qwen25_1_5b,leave_out_ghostbuster,recon_only,32,full_plus_strict_koopman,all_samples,RandomForest,315,0.5,0.6202444444444445,0.7006666666666667,0.6441555555555556,0.6215154587548263,0.55,0.55,0.5306122448979592,0.8666666666666667,0.8666666666666667,0.23333333333333334,0.23333333333333334,0.6582278481012658,0.12921914767618442,0.7666666666666667,0.13333333333333333,0.013333333333333334,0.08666666666666667,0.22666666666666666,0.8,0.8066666666666666,0.261457,0.1604555555555556,0.1604555555555556,0.7413208312393339
ok,leave_out_ghostbuster_qwen25_1_5b_recon_only_hidden_to_obs3072_rank32_len256,qwen25_1_5b,leave_out_ghostbuster,recon_only,32,full_plus_strict_koopman,m4_test,RandomForest,315,0.8488549618320611,0.23281705948372614,0.967501998401279,0.9926089431485114,0.998598535353061,0.9720101781170484,0.9198610808323039,0.9730205278592375,0.9946043165467626,0.9946043165467626,0.8451178451178452,0.8451178451178452,0.9836940409131337,0.8876934129539962,0.15488215488215487,0.00539568345323741,0.8201438848920863,0.9706235011990407,0.9898081534772182,0.02356902356902357,0.03367003367003367,0.022781928187729714,0.03303138252756581,0.03303138252756581,0.08748011782772305
ok,leave_out_ghostbuster_qwen25_1_5b_recon_only_hidden_to_obs3072_rank32_len256,qwen25_1_5b,leave_out_ghostbuster,recon_only,32,full_plus_strict_koopman,ghostbuster_test,RandomForest,315,0.5776119402985075,0.2876914016489988,0.8048234280792421,0.9119529587932907,0.9408488562200882,0.8343283582089552,0.8314250235114726,0.8612565445026178,0.8501291989664083,0.8501291989664083,0.8127208480565371,0.8127208480565371,0.8556566970091027,0.6613571701830115,0.1872791519434629,0.14987080103359174,0.5400516795865633,0.6795865633074936,0.7622739018087855,0.36042402826855124,0.508833922261484,0.11916558872305139,0.03729850746268655,0.03729850746268655,0.36205574118677675
ok,leave_out_ghostbuster_qwen25_1_5b_recon_only_hidden_to_obs3072_rank32_len256,qwen25_1_5b,leave_out_ghostbuster,recon_only,32,full_plus_strict_koopman,hc3_plus_test,RandomForest,315,0.6052631578947368,0.5001587301587302,0.9509109730848861,0.975628512274475,0.9862539464170799,0.8007518796992481,0.7509316770186335,0.7571428571428571,0.9875776397515528,0.9875776397515528,0.5142857142857142,0.5142857142857142,0.8571428571428571,0.6017130234218443,0.4857142857142857,0.012422360248447204,0.8385093167701864,0.906832298136646,0.9440993788819876,0.047619047619047616,0.10476190476190476,0.12073650793650793,0.17035087719298256,0.17035087719298256,0.351549631030865
ok,leave_out_ghostbuster_qwen25_1_5b_recon_only_hidden_to_obs3072_rank32_len256,qwen25_1_5b,leave_out_ghostbuster,recon_only,32,transition_plus_strict_koopman,all_samples,RandomForest,529,0.5,0.9541111111111111,0.953288888888889,0.4755333333333333,0.4804413438143951,0.5,0.5,0.5,1.0,1.0,0.0,0.0,0.6666666666666666,0.0,1.0,0.0,0.006666666666666667,0.02,0.06,0.9333333333333333,0.9733333333333334,0.4574136666666667,0.45370000000000005,0.45370000000000005,1.6697077487886858
ok,leave_out_ghostbuster_qwen25_1_5b_recon_only_hidden_to_obs3072_rank32_len256,qwen25_1_5b,leave_out_ghostbuster,recon_only,32,transition_plus_strict_koopman,m4_test,RandomForest,529,0.8488549618320611,0.8277441077441078,0.948958832933653,0.740075616274657,0.9288920955060639,0.860559796437659,0.541488021703849,0.8596491228070176,0.9988009592326139,0.9988009592326139,0.08417508417508418,0.08417508417508418,0.9240155296727676,0.25531139681508397,0.9158249158249159,0.001199040767386091,0.005995203836930456,0.1498800959232614,0.30635491606714627,0.5959595959595959,0.6464646464646465,0.11370783715012722,0.0817828668363019,0.0817828668363019,0.40616086665367307
ok,leave_out_ghostbuster_qwen25_1_5b_recon_only_hidden_to_obs3072_rank32_len256,qwen25_1_5b,leave_out_ghostbuster,recon_only,32,transition_plus_strict_koopman,ghostbuster_test,RandomForest,529,0.5776119402985075,0.9466784452296819,0.964151593453919,0.7119502195925895,0.769606946923907,0.5776119402985075,0.5,0.5776119402985075,1.0,1.0,0.0,0.0,0.7322611163670766,0.0,1.0,0.0,0.0103359173126615,0.2454780361757106,0.3850129198966408,0.8056537102473498,0.9293286219081273,0.38150512437810946,0.3819253731343285,0.3819253731343285,1.3600117222940757
ok,leave_out_ghostbuster_qwen25_1_5b_recon_only_hidden_to_obs3072_rank32_len256,qwen25_1_5b,leave_out_ghostbuster,recon_only,32,transition_plus_strict_koopman,hc3_plus_test,RandomForest,529,0.6052631578947368,0.9619047619047619,0.9744306418219462,0.772966577935522,0.8358444172883417,0.6052631578947368,0.5,0.6052631578947368,1.0,1.0,0.0,0.0,0.7540983606557377,0.0,1.0,0.0,0.14906832298136646,0.14906832298136646,0.36645962732919257,0.8571428571428571,0.9142857142857143,0.36657673350041764,0.3668796992481203,0.3668796992481203,1.3634155922904503
ok,leave_out_ghostbuster_qwen25_1_5b_recon_only_hidden_to_obs3072_rank32_len256,qwen25_1_5b,leave_out_ghostbuster,recon_only,32,full_plus_transition_plus_strict_koopman,all_samples,RandomForest,805,0.5,0.6189333333333333,0.6974222222222223,0.6947111111111111,0.6702199955112077,0.5566666666666666,0.5566666666666666,0.5315985130111525,0.9533333333333334,0.9533333333333334,0.16,0.16,0.6825775656324582,0.1861623850973523,0.84,0.04666666666666667,0.013333333333333334,0.14,0.38,0.7333333333333333,0.84,0.25080207407407407,0.15817777777777772,0.15817777777777772,0.7105764858772486
ok,leave_out_ghostbuster_qwen25_1_5b_recon_only_hidden_to_obs3072_rank32_len256,qwen25_1_5b,leave_out_ghostbuster,recon_only,32,full_plus_transition_plus_strict_koopman,m4_test,RandomForest,805,0.8488549618320611,0.2509203142536476,0.9565607513988809,0.9902512333567489,0.9981590030681763,0.9709923664122138,0.9247965264152314,0.9752212389380531,0.9910071942446043,0.9910071942446043,0.8585858585858586,0.8585858585858586,0.9830508474576272,0.8839352779069009,0.1414141414141414,0.008992805755395683,0.7961630695443646,0.9586330935251799,0.9820143884892086,0.03367003367003367,0.04713804713804714,0.026753011026293468,0.03579304495335023,0.03579304495335023,0.10177792395065463
ok,leave_out_ghostbuster_qwen25_1_5b_recon_only_hidden_to_obs3072_rank32_len256,qwen25_1_5b,leave_out_ghostbuster,recon_only,32,full_plus_transition_plus_strict_koopman,ghostbuster_test,RandomForest,805,0.5776119402985075,0.29038869257950534,0.7916537467700259,0.9040001460907041,0.9352097120282579,0.8223880597014925,0.8220386957752395,0.8621621621621621,0.8242894056847545,0.8242894056847545,0.8197879858657244,0.8197879858657244,0.8428005284015853,0.6397720540011246,0.18021201413427562,0.17571059431524547,0.5271317829457365,0.6537467700258398,0.7648578811369509,0.38162544169611307,0.5441696113074205,0.12246406301824213,0.04247263681592035,0.04247263681592035,0.37590606608542165
ok,leave_out_ghostbuster_qwen25_1_5b_recon_only_hidden_to_obs3072_rank32_len256,qwen25_1_5b,leave_out_ghostbuster,recon_only,32,full_plus_transition_plus_strict_koopman,hc3_plus_test,RandomForest,805,0.6052631578947368,0.5615238095238095,0.9396687370600412,0.9649216208222419,0.978906205057848,0.7255639097744361,0.6556935817805383,0.691304347826087,0.9875776397515528,0.9875776397515528,0.3238095238095238,0.3238095238095238,0.8132992327365729,0.44493147018670287,0.6761904761904762,0.012422360248447204,0.6956521739130435,0.8136645962732919,0.9254658385093167,0.08571428571428572,0.12380952380952381,0.14249114452798664,0.1851378446115289,0.1851378446115289,0.4074509121851076
ok,leave_out_ghostbuster_qwen25_1_5b_recon_lin_hidden_to_obs3072_rank16_len256,qwen25_1_5b,leave_out_ghostbuster,recon_lin,16,strict_koopman_spectral_only,all_samples,RandomForest,39,0.5,0.8038888888888889,0.8137111111111112,0.5350444444444444,0.572843013299887,0.5,0.5,0.5,0.9666666666666667,0.9666666666666667,0.03333333333333333,0.03333333333333333,0.6590909090909091,0.0,0.9666666666666667,0.03333333333333333,0.08,0.11333333333333333,0.18,0.9133333333333333,0.9466666666666667,0.352822,0.3132666666666667,0.3132666666666667,0.9895689720235232
ok,leave_out_ghostbuster_qwen25_1_5b_recon_lin_hidden_to_obs3072_rank16_len256,qwen25_1_5b,leave_out_ghostbuster,recon_lin,16,strict_koopman_spectral_only,m4_test,RandomForest,39,0.8488549618320611,0.5831986531986532,0.8973421262989608,0.8998266033637736,0.9802148790331197,0.8880407124681934,0.6697581328876293,0.8956284153005465,0.9826139088729017,0.9826139088729017,0.3569023569023569,0.3569023569023569,0.9371069182389937,0.4807777982872382,0.6430976430976431,0.01738609112709832,0.46882494004796166,0.6726618705035972,0.7074340527577938,0.37037037037037035,0.494949494949495,0.08298633305060786,0.022861747243426697,0.022861747243426697,0.26527847455812
ok,leave_out_ghostbuster_qwen25_1_5b_recon_lin_hidden_to_obs3072_rank16_len256,qwen25_1_5b,leave_out_ghostbuster,recon_lin,16,strict_koopman_spectral_only,ghostbuster_test,RandomForest,39,0.5776119402985075,0.7328739693757361,0.910430663221361,0.8662996137727011,0.8965604620427062,0.6164179104477612,0.5459363957597173,0.6009316770186336,1.0,1.0,0.09187279151943463,0.09187279151943463,0.7507274490785645,0.23496653097868458,0.9081272084805654,0.0,0.21705426356589147,0.4625322997416021,0.6020671834625323,0.4134275618374558,0.5724381625441696,0.24547960199004973,0.25782089552238796,0.25782089552238796,0.6960812823355836
ok,leave_out_ghostbuster_qwen25_1_5b_recon_lin_hidden_to_obs3072_rank16_len256,qwen25_1_5b,leave_out_ghostbuster,recon_lin,16,strict_koopman_spectral_only,hc3_plus_test,RandomForest,39,0.6052631578947368,0.6881269841269841,0.9144099378881988,0.9007985803016859,0.9319126677117726,0.6654135338345865,0.5761904761904761,0.644,1.0,1.0,0.1523809523809524,0.1523809523809524,0.7834549878345499,0.3132624033192195,0.8476190476190476,0.0,0.34782608695652173,0.6335403726708074,0.7080745341614907,0.29523809523809524,0.42857142857142855,0.20622932330827068,0.21982456140350867,0.21982456140350867,0.5867687971561462
ok,leave_out_ghostbuster_qwen25_1_5b_recon_lin_hidden_to_obs3072_rank16_len256,qwen25_1_5b,leave_out_ghostbuster,recon_lin,16,full_plus_strict_koopman,all_samples,RandomForest,315,0.5,0.624,0.6898,0.6298666666666667,0.6346702712073979,0.53,0.53,0.5179282868525896,0.8666666666666667,0.8666666666666667,0.19333333333333333,0.19333333333333333,0.6483790523690773,0.0811535661125747,0.8066666666666666,0.13333333333333333,0.013333333333333334,0.17333333333333334,0.25333333333333335,0.8533333333333334,0.9333333333333333,0.26560196296296296,0.1695222222222222,0.1695222222222222,0.7438119787046886
ok,leave_out_ghostbuster_qwen25_1_5b_recon_lin_hidden_to_obs3072_rank16_len256,qwen25_1_5b,leave_out_ghostbuster,recon_lin,16,full_plus_strict_koopman,m4_test,RandomForest,315,0.8488549618320611,0.18494949494949495,0.9724980015987211,0.9951362142609146,0.9991236179824037,0.9770992366412213,0.9366960976673206,0.9787610619469026,0.9946043165467626,0.9946043165467626,0.8787878787878788,0.8787878787878788,0.9866190900981266,0.9086964286405274,0.12121212121212122,0.00539568345323741,0.908273381294964,0.9814148681055156,0.9916067146282974,0.006734006734006734,0.030303030303030304,0.01918446706248233,0.024408821034775194,0.024408821034775194,0.07229555918750875
ok,leave_out_ghostbuster_qwen25_1_5b_recon_lin_hidden_to_obs3072_rank16_len256,qwen25_1_5b,leave_out_ghostbuster,recon_lin,16,full_plus_strict_koopman,ghostbuster_test,RandomForest,315,0.5776119402985075,0.22672555948174325,0.7312919896640827,0.8878342966189133,0.9225999905453517,0.7925373134328358,0.797623286858228,0.8604651162790697,0.7648578811369509,0.7648578811369509,0.8303886925795053,0.8303886925795053,0.8098495212038304,0.588244104392838,0.1696113074204947,0.2351421188630491,0.4315245478036176,0.6046511627906976,0.7028423772609819,0.40636042402826855,0.5724381625441696,0.14384424543946933,0.06429850746268663,0.06429850746268663,0.43331732862057504
ok,leave_out_ghostbuster_qwen25_1_5b_recon_lin_hidden_to_obs3072_rank16_len256,qwen25_1_5b,leave_out_ghostbuster,recon_lin,16,full_plus_strict_koopman,hc3_plus_test,RandomForest,315,0.6052631578947368,0.5405396825396824,0.9409316770186336,0.9617864537119196,0.9786601647016605,0.7556390977443609,0.6937888198757765,0.7162162162162162,0.9875776397515528,0.9875776397515528,0.4,0.4,0.8302872062663186,0.509874715189542,0.6,0.012422360248447204,0.7950310559006211,0.8695652173913043,0.9130434782608695,0.08571428571428572,0.26666666666666666,0.14141695906432747,0.1776441102756892,0.1776441102756892,0.39952043460662917
ok,leave_out_ghostbuster_qwen25_1_5b_recon_lin_hidden_to_obs3072_rank16_len256,qwen25_1_5b,leave_out_ghostbuster,recon_lin,16,transition_plus_strict_koopman,all_samples,RandomForest,529,0.5,0.8730000000000001,0.8661555555555557,0.4534666666666667,0.48154154872037447,0.5,0.5,0.5,1.0,1.0,0.0,0.0,0.6666666666666666,0.0,1.0,0.0,0.02,0.06666666666666667,0.08666666666666667,0.9466666666666667,0.98,0.3924734814814815,0.3715777777777778,0.3715777777777778,1.1462681254548441
ok,leave_out_ghostbuster_qwen25_1_5b_recon_lin_hidden_to_obs3072_rank16_len256,qwen25_1_5b,leave_out_ghostbuster,recon_lin,16,transition_plus_strict_koopman,m4_test,RandomForest,529,0.8488549618320611,0.8363299663299663,0.9215347721822541,0.7650172791060081,0.9492523488786301,0.8488549618320611,0.5,0.8488549618320611,1.0,1.0,0.0,0.0,0.9182493806771264,0.0,1.0,0.0,0.2997601918465228,0.39448441247002397,0.4550359712230216,0.6363636363636364,0.7407407407407407,0.1173404749787956,0.059801526717557146,0.059801526717557146,0.3779949314412936
ok,leave_out_ghostbuster_qwen25_1_5b_recon_lin_hidden_to_obs3072_rank16_len256,qwen25_1_5b,leave_out_ghostbuster,recon_lin,16,transition_plus_strict_koopman,ghostbuster_test,RandomForest,529,0.5776119402985075,0.8660188457008245,0.8993884582256675,0.6461865760904301,0.7012934519411215,0.5776119402985075,0.5,0.5776119402985075,1.0,1.0,0.0,0.0,0.7322611163670766,0.0,1.0,0.0,0.04909560723514212,0.1111111111111111,0.19121447028423771,0.8162544169611308,0.8692579505300353,0.3267588059701493,0.307681592039801,0.307681592039801,0.9760538646748435
ok,leave_out_ghostbuster_qwen25_1_5b_recon_lin_hidden_to_obs3072_rank16_len256,qwen25_1_5b,leave_out_ghostbuster,recon_lin,16,transition_plus_strict_koopman,hc3_plus_test,RandomForest,529,0.6052631578947368,0.8988571428571428,0.9101863354037265,0.5988760721679975,0.7480144747937805,0.6052631578947368,0.5,0.6052631578947368,1.0,1.0,0.0,0.0,0.7540983606557377,0.0,1.0,0.0,0.11801242236024845,0.2546583850931677,0.36024844720496896,0.9523809523809523,0.9904761904761905,0.32747852965747704,0.30894736842105275,0.30894736842105275,1.0135497555146973
ok,leave_out_ghostbuster_qwen25_1_5b_recon_lin_hidden_to_obs3072_rank16_len256,qwen25_1_5b,leave_out_ghostbuster,recon_lin,16,full_plus_transition_plus_strict_koopman,all_samples,RandomForest,805,0.5,0.6704222222222223,0.7283777777777778,0.6856444444444445,0.6708568801705936,0.5033333333333333,0.5033333333333333,0.5016949152542373,0.9866666666666667,0.9866666666666667,0.02,0.02,0.6651685393258427,0.02603778219616477,0.98,0.013333333333333334,0.013333333333333334,0.11333333333333333,0.32,0.7733333333333333,0.8733333333333333,0.2698467407407407,0.19940000000000005,0.19940000000000005,0.7492063537524271
ok,leave_out_ghostbuster_qwen25_1_5b_recon_lin_hidden_to_obs3072_rank16_len256,qwen25_1_5b,leave_out_ghostbuster,recon_lin,16,full_plus_transition_plus_strict_koopman,m4_test,RandomForest,805,0.8488549618320611,0.21517396184062848,0.966978417266187,0.9927300583775404,0.9986701010427594,0.9735368956743002,0.9276790688661192,0.9758539458186102,0.9934052757793765,0.9934052757793765,0.8619528619528619,0.8619528619528619,0.9845513963161022,0.894128145153091,0.13804713804713806,0.006594724220623501,0.8567146282973621,0.9742206235011991,0.9892086330935251,0.026936026936026935,0.037037037037037035,0.022403234379417585,0.027626802374893993,0.027626802374893993,0.08522465870918806
ok,leave_out_ghostbuster_qwen25_1_5b_recon_lin_hidden_to_obs3072_rank16_len256,qwen25_1_5b,leave_out_ghostbuster,recon_lin,16,full_plus_transition_plus_strict_koopman,ghostbuster_test,RandomForest,805,0.5776119402985075,0.24459363957597172,0.7182342807924202,0.871622793802102,0.9149622963667849,0.7850746268656716,0.7921129281142429,0.8626865671641791,0.7467700258397932,0.7467700258397932,0.8374558303886925,0.8374558303886925,0.8005540166204986,0.5771446403972113,0.1625441696113074,0.2532299741602067,0.46770025839793283,0.5839793281653747,0.6925064599483204,0.5053003533568905,0.6183745583038869,0.1515547097844113,0.06918905472636819,0.06918905472636819,0.4544639288632522
ok,leave_out_ghostbuster_qwen25_1_5b_recon_lin_hidden_to_obs3072_rank16_len256,qwen25_1_5b,leave_out_ghostbuster,recon_lin,16,full_plus_transition_plus_strict_koopman,hc3_plus_test,RandomForest,805,0.6052631578947368,0.6280317460317463,0.9406418219461697,0.9592724046140195,0.9755261232904584,0.6578947368421053,0.5683229813664596,0.64,0.9937888198757764,0.9937888198757764,0.14285714285714285,0.14285714285714285,0.7785888077858881,0.28091465515038705,0.8571428571428571,0.006211180124223602,0.7515527950310559,0.8198757763975155,0.8819875776397516,0.11428571428571428,0.21904761904761905,0.17089883040935674,0.2119799498746867,0.2119799498746867,0.4692433265401259
ok,leave_out_ghostbuster_qwen25_1_5b_recon_lin_hidden_to_obs3072_rank32_len256,qwen25_1_5b,leave_out_ghostbuster,recon_lin,32,strict_koopman_spectral_only,all_samples,RandomForest,39,0.5,0.8078222222222221,0.8147555555555555,0.5453111111111111,0.5669628530596196,0.49,0.49,0.49473684210526314,0.94,0.94,0.04,0.04,0.6482758620689655,-0.04588314677411236,0.96,0.06,0.013333333333333334,0.08,0.18666666666666668,0.9466666666666667,0.9666666666666667,0.3640174814814815,0.3379333333333332,0.3379333333333332,1.0568982231853414
ok,leave_out_ghostbuster_qwen25_1_5b_recon_lin_hidden_to_obs3072_rank32_len256,qwen25_1_5b,leave_out_ghostbuster,recon_lin,32,strict_koopman_spectral_only,m4_test,RandomForest,39,0.8488549618320611,0.5852749719416386,0.9084352517985611,0.91665960161164,0.9824609719140502,0.8956743002544529,0.6714870527820168,0.895619253650622,0.9928057553956835,0.9928057553956835,0.3501683501683502,0.3501683501683502,0.9417116860961047,0.5212428729112897,0.6498316498316499,0.007194244604316547,0.43345323741007197,0.6199040767386091,0.7643884892086331,0.26262626262626265,0.4377104377104377,0.07738536047497879,0.036642917726887186,0.036642917726887186,0.2678530118217556
ok,leave_out_ghostbuster_qwen25_1_5b_recon_lin_hidden_to_obs3072_rank32_len256,qwen25_1_5b,leave_out_ghostbuster,recon_lin,32,strict_koopman_spectral_only,ghostbuster_test,RandomForest,39,0.5776119402985075,0.7111896348645464,0.8986993970714902,0.8687740250728173,0.9043789276951364,0.6238805970149254,0.5557199075976297,0.6062992125984252,0.9948320413436692,0.9948320413436692,0.1166077738515901,0.1166077738515901,0.7534246575342466,0.2473820582929786,0.8833922261484098,0.00516795865633075,0.35658914728682173,0.49612403100775193,0.5968992248062015,0.3745583038869258,0.4911660777385159,0.23591603648424542,0.24490049751243784,0.24490049751243784,0.6623916692990859
ok,leave_out_ghostbuster_qwen25_1_5b_recon_lin_hidden_to_obs3072_rank32_len256,qwen25_1_5b,leave_out_ghostbuster,recon_lin,32,strict_koopman_spectral_only,hc3_plus_test,RandomForest,39,0.6052631578947368,0.6918412698412698,0.9266252587991719,0.913516711032239,0.9377135124595896,0.6541353383458647,0.5635610766045549,0.6374501992031872,0.9937888198757764,0.9937888198757764,0.13333333333333333,0.13333333333333333,0.7766990291262136,0.269368208354929,0.8666666666666667,0.006211180124223602,0.3416149068322981,0.5962732919254659,0.7577639751552795,0.20952380952380953,0.34285714285714286,0.20873972431077695,0.2286842105263158,0.2286842105263158,0.5950271989270149
ok,leave_out_ghostbuster_qwen25_1_5b_recon_lin_hidden_to_obs3072_rank32_len256,qwen25_1_5b,leave_out_ghostbuster,recon_lin,32,full_plus_strict_koopman,all_samples,RandomForest,315,0.5,0.6136444444444445,0.6817333333333333,0.6195777777777778,0.615692037350763,0.54,0.54,0.5260869565217391,0.8066666666666666,0.8066666666666666,0.2733333333333333,0.2733333333333333,0.6368421052631579,0.0945732487486921,0.7266666666666667,0.19333333333333333,0.013333333333333334,0.12,0.22,0.8466666666666667,0.9,0.2673314814814815,0.15366666666666667,0.15366666666666667,0.7512284619959769
ok,leave_out_ghostbuster_qwen25_1_5b_recon_lin_hidden_to_obs3072_rank32_len256,qwen25_1_5b,leave_out_ghostbuster,recon_lin,32,full_plus_strict_koopman,m4_test,RandomForest,315,0.8488549618320611,0.1841526374859708,0.9733593125499601,0.9952754967742976,0.9991472467244982,0.9776081424936387,0.9397633408424775,0.9799054373522459,0.9940047961630696,0.9940047961630696,0.8855218855218855,0.8855218855218855,0.986904761904762,0.9108435008892861,0.11447811447811448,0.005995203836930456,0.9112709832134293,0.9838129496402878,0.9928057553956835,0.006734006734006734,0.026936026936026935,0.0189096352841391,0.023865988125530094,0.023865988125530094,0.07166441434848116
ok,leave_out_ghostbuster_qwen25_1_5b_recon_lin_hidden_to_obs3072_rank32_len256,qwen25_1_5b,leave_out_ghostbuster,recon_lin,32,full_plus_strict_koopman,ghostbuster_test,RandomForest,315,0.5776119402985075,0.22363957597173145,0.7326270456503015,0.8865286109513244,0.9220365267210092,0.7910447761194029,0.7963312971941454,0.8600583090379009,0.7622739018087855,0.7622739018087855,0.8303886925795053,0.8303886925795053,0.8082191780821918,0.5856461353437119,0.1696113074204947,0.23772609819121446,0.4444444444444444,0.6175710594315246,0.6770025839793282,0.4028268551236749,0.5229681978798587,0.1459369983416252,0.07645273631840796,0.07645273631840796,0.44203972348634724
ok,leave_out_ghostbuster_qwen25_1_5b_recon_lin_hidden_to_obs3072_rank32_len256,qwen25_1_5b,leave_out_ghostbuster,recon_lin,32,full_plus_strict_koopman,hc3_plus_test,RandomForest,315,0.6052631578947368,0.5413968253968253,0.9448033126293994,0.9652173913043478,0.9805932744951633,0.7593984962406015,0.6985507246376812,0.7194570135746606,0.9875776397515528,0.9875776397515528,0.4095238095238095,0.4095238095238095,0.8324607329842932,0.5177339755904518,0.5904761904761905,0.012422360248447204,0.84472049689441,0.8695652173913043,0.9254658385093167,0.05714285714285714,0.13333333333333333,0.14000551378446113,0.18681704260651627,0.18681704260651627,0.3965701594290665
ok,leave_out_ghostbuster_qwen25_1_5b_recon_lin_hidden_to_obs3072_rank32_len256,qwen25_1_5b,leave_out_ghostbuster,recon_lin,32,transition_plus_strict_koopman,all_samples,RandomForest,529,0.5,0.9293777777777776,0.9262666666666668,0.48677777777777775,0.4804373059344352,0.5,0.5,0.5,1.0,1.0,0.0,0.0,0.6666666666666666,0.0,1.0,0.0,0.0,0.02666666666666667,0.05333333333333334,0.9133333333333333,0.98,0.43593288888888887,0.4278222222222221,0.4278222222222221,1.4220943677436952
ok,leave_out_ghostbuster_qwen25_1_5b_recon_lin_hidden_to_obs3072_rank32_len256,qwen25_1_5b,leave_out_ghostbuster,recon_lin,32,transition_plus_strict_koopman,m4_test,RandomForest,529,0.8488549618320611,0.8964421997755331,0.9491227018385292,0.7189006370661047,0.9347341970805986,0.8488549618320611,0.5,0.8488549618320611,1.0,1.0,0.0,0.0,0.9182493806771264,0.0,1.0,0.0,0.25,0.3009592326139089,0.33093525179856115,0.6902356902356902,0.7508417508417509,0.1266508227311281,0.09230534351145042,0.09230534351145042,0.4331735080512009
ok,leave_out_ghostbuster_qwen25_1_5b_recon_lin_hidden_to_obs3072_rank32_len256,qwen25_1_5b,leave_out_ghostbuster,recon_lin,32,transition_plus_strict_koopman,ghostbuster_test,RandomForest,529,0.5776119402985075,0.9283510011778564,0.9303014642549527,0.5134859981190822,0.5885160313690233,0.5776119402985075,0.5,0.5776119402985075,1.0,1.0,0.0,0.0,0.7322611163670766,0.0,1.0,0.0,0.00516795865633075,0.059431524547803614,0.09043927648578812,0.8975265017667845,0.9363957597173145,0.3685605140961857,0.3518656716417911,0.3518656716417911,1.2216108750407069
ok,leave_out_ghostbuster_qwen25_1_5b_recon_lin_hidden_to_obs3072_rank32_len256,qwen25_1_5b,leave_out_ghostbuster,recon_lin,32,transition_plus_strict_koopman,hc3_plus_test,RandomForest,529,0.6052631578947368,0.9497460317460317,0.940103519668737,0.4413782904466135,0.578124929166269,0.6052631578947368,0.5,0.6052631578947368,1.0,1.0,0.0,0.0,0.7540983606557377,0.0,1.0,0.0,0.006211180124223602,0.012422360248447204,0.062111801242236024,0.9523809523809523,0.9619047619047619,0.3596972431077695,0.34067669172932324,0.34067669172932324,1.2952924783810111
ok,leave_out_ghostbuster_qwen25_1_5b_recon_lin_hidden_to_obs3072_rank32_len256,qwen25_1_5b,leave_out_ghostbuster,recon_lin,32,full_plus_transition_plus_strict_koopman,all_samples,RandomForest,805,0.5,0.6470888888888889,0.7071333333333333,0.6576888888888889,0.656414569086135,0.5233333333333333,0.5233333333333333,0.5128205128205128,0.9333333333333333,0.9333333333333333,0.11333333333333333,0.11333333333333333,0.6619385342789598,0.08153326507837143,0.8866666666666667,0.06666666666666667,0.013333333333333334,0.20666666666666667,0.31333333333333335,0.8133333333333334,0.9,0.26564644444444446,0.17988888888888885,0.17988888888888885,0.7415308733121047
ok,leave_out_ghostbuster_qwen25_1_5b_recon_lin_hidden_to_obs3072_rank32_len256,qwen25_1_5b,leave_out_ghostbuster,recon_lin,32,full_plus_transition_plus_strict_koopman,m4_test,RandomForest,805,0.8488549618320611,0.21139169472502806,0.9670443645083934,0.9928188762121617,0.9986891172960414,0.9735368956743002,0.9276790688661192,0.9758539458186102,0.9934052757793765,0.9934052757793765,0.8619528619528619,0.8619528619528619,0.9845513963161022,0.894128145153091,0.13804713804713806,0.006594724220623501,0.8621103117505995,0.9778177458033573,0.9910071942446043,0.02356902356902357,0.037037037037037035,0.022270070681368388,0.0289770992366412,0.0289770992366412,0.0845314802828399
ok,leave_out_ghostbuster_qwen25_1_5b_recon_lin_hidden_to_obs3072_rank32_len256,qwen25_1_5b,leave_out_ghostbuster,recon_lin,32,full_plus_transition_plus_strict_koopman,ghostbuster_test,RandomForest,805,0.5776119402985075,0.23829210836277975,0.7244702842377261,0.8768272751344491,0.9186492632116134,0.7880597014925373,0.7951717022306224,0.8656716417910447,0.7493540051679587,0.7493540051679587,0.8409893992932862,0.8409893992932862,0.8033240997229917,0.5831880397730983,0.15901060070671377,0.25064599483204136,0.4754521963824289,0.6175710594315246,0.7028423772609819,0.4734982332155477,0.607773851590106,0.14811708126036482,0.06140298507462686,0.06140298507462686,0.44561271302140604
ok,leave_out_ghostbuster_qwen25_1_5b_recon_lin_hidden_to_obs3072_rank32_len256,qwen25_1_5b,leave_out_ghostbuster,recon_lin,32,full_plus_transition_plus_strict_koopman,hc3_plus_test,RandomForest,805,0.6052631578947368,0.6087619047619047,0.9410973084886127,0.961608991422656,0.9771177950258074,0.6804511278195489,0.5968944099378882,0.6557377049180327,0.9937888198757764,0.9937888198757764,0.2,0.2,0.7901234567901234,0.34389831820247313,0.8,0.006211180124223602,0.7453416149068323,0.8633540372670807,0.9130434782608695,0.0761904761904762,0.24761904761904763,0.16229603174603172,0.2046491228070175,0.2046491228070175,0.4485641248651512
ok,leave_out_ghostbuster_qwen25_1_5b_recon_lin_multi_hidden_to_obs3072_rank16_len256,qwen25_1_5b,leave_out_ghostbuster,recon_lin_multi,16,strict_koopman_spectral_only,all_samples,RandomForest,39,0.5,0.8165333333333333,0.8191333333333334,0.5226222222222222,0.5404172838807619,0.49666666666666665,0.49666666666666665,0.49830508474576274,0.98,0.98,0.013333333333333334,0.013333333333333334,0.6606741573033708,-0.02603778219616477,0.9866666666666667,0.02,0.04,0.07333333333333333,0.11333333333333333,0.9066666666666666,0.96,0.3609161111111111,0.3262555555555555,0.3262555555555555,1.0269034698555755
ok,leave_out_ghostbuster_qwen25_1_5b_recon_lin_multi_hidden_to_obs3072_rank16_len256,qwen25_1_5b,leave_out_ghostbuster,recon_lin_multi,16,strict_koopman_spectral_only,m4_test,RandomForest,39,0.8488549618320611,0.5874747474747475,0.8988329336530775,0.9090465001735986,0.9818797356396253,0.8834605597964377,0.6504553932611487,0.8899728997289973,0.9844124700239808,0.9844124700239808,0.3164983164983165,0.3164983164983165,0.9348135496726445,0.45011677169502484,0.6835016835016835,0.015587529976019185,0.4520383693045564,0.6073141486810552,0.736810551558753,0.3063973063973064,0.43097643097643096,0.08125846762793329,0.03484987277353681,0.03484987277353681,0.2608744405571597
ok,leave_out_ghostbuster_qwen25_1_5b_recon_lin_multi_hidden_to_obs3072_rank16_len256,qwen25_1_5b,leave_out_ghostbuster,recon_lin_multi,16,strict_koopman_spectral_only,ghostbuster_test,RandomForest,39,0.5776119402985075,0.7340164899882216,0.9078639104220501,0.8664639658147752,0.8979278405005735,0.6164179104477612,0.5468859853361455,0.6015625,0.9948320413436692,0.9948320413436692,0.0989399293286219,0.0989399293286219,0.7497565725413826,0.22396034558837438,0.901060070671378,0.00516795865633075,0.2248062015503876,0.5090439276485789,0.5891472868217055,0.3957597173144876,0.5724381625441696,0.24647590381426202,0.25682089552238807,0.25682089552238807,0.6969099023313224
ok,leave_out_ghostbuster_qwen25_1_5b_recon_lin_multi_hidden_to_obs3072_rank16_len256,qwen25_1_5b,leave_out_ghostbuster,recon_lin_multi,16,strict_koopman_spectral_only,hc3_plus_test,RandomForest,39,0.6052631578947368,0.720952380952381,0.9144306418219461,0.9001774622892634,0.9346937586744447,0.6353383458646616,0.5397515527950311,0.625,0.9937888198757764,0.9937888198757764,0.08571428571428572,0.08571428571428572,0.7673860911270983,0.20430156738209965,0.9142857142857143,0.006211180124223602,0.43478260869565216,0.6086956521739131,0.6894409937888198,0.3047619047619048,0.42857142857142855,0.2222043859649123,0.23489974937343355,0.23489974937343355,0.6217241860871628
ok,leave_out_ghostbuster_qwen25_1_5b_recon_lin_multi_hidden_to_obs3072_rank16_len256,qwen25_1_5b,leave_out_ghostbuster,recon_lin_multi,16,full_plus_strict_koopman,all_samples,RandomForest,315,0.5,0.6188444444444444,0.6846444444444445,0.631,0.6201621442840691,0.5333333333333333,0.5333333333333333,0.5204918032786885,0.8466666666666667,0.8466666666666667,0.22,0.22,0.6446700507614214,0.08554823885364436,0.78,0.15333333333333332,0.013333333333333334,0.03333333333333333,0.26,0.8333333333333334,0.9,0.26404685185185184,0.15338888888888896,0.15338888888888896,0.7412784763408256
ok,leave_out_ghostbuster_qwen25_1_5b_recon_lin_multi_hidden_to_obs3072_rank16_len256,qwen25_1_5b,leave_out_ghostbuster,recon_lin_multi,16,full_plus_strict_koopman,m4_test,RandomForest,315,0.8488549618320611,0.18759820426487095,0.9729816147082334,0.9948707700506262,0.9990705916427122,0.9765903307888041,0.9363963374754742,0.9787485242030697,0.9940047961630696,0.9940047961630696,0.8787878787878788,0.8787878787878788,0.9863176680547293,0.9066632069153807,0.12121212121212122,0.005995203836930456,0.9112709832134293,0.9838129496402878,0.9934052757793765,0.006734006734006734,0.03367003367003367,0.019262420130053717,0.024839694656488602,0.024839694656488602,0.07273828933472462
ok,leave_out_ghostbuster_qwen25_1_5b_recon_lin_multi_hidden_to_obs3072_rank16_len256,qwen25_1_5b,leave_out_ghostbuster,recon_lin_multi,16,full_plus_strict_koopman,ghostbuster_test,RandomForest,315,0.5776119402985075,0.2248763250883392,0.7240051679586563,0.8817852284036851,0.9195519993181751,0.7895522388059701,0.795988897106491,0.863905325443787,0.7545219638242894,0.7545219638242894,0.8374558303886925,0.8374558303886925,0.8055172413793104,0.5848260704424675,0.1625441696113074,0.2454780361757106,0.4392764857881137,0.5943152454780362,0.6873385012919897,0.4275618374558304,0.5795053003533569,0.1484697014925373,0.06907960199004974,0.06907960199004974,0.44990285050819995
ok,leave_out_ghostbuster_qwen25_1_5b_recon_lin_multi_hidden_to_obs3072_rank16_len256,qwen25_1_5b,leave_out_ghostbuster,recon_lin_multi,16,full_plus_strict_koopman,hc3_plus_test,RandomForest,315,0.6052631578947368,0.5480317460317461,0.9405383022774327,0.9571132800946466,0.9760218979728461,0.7593984962406015,0.6985507246376812,0.7194570135746606,0.9875776397515528,0.9875776397515528,0.4095238095238095,0.4095238095238095,0.8324607329842932,0.5177339755904518,0.5904761904761905,0.012422360248447204,0.7763975155279503,0.8260869565217391,0.906832298136646,0.0761904761904762,0.2571428571428571,0.1441777360066834,0.18033834586466166,0.18033834586466166,0.4086930805046616
ok,leave_out_ghostbuster_qwen25_1_5b_recon_lin_multi_hidden_to_obs3072_rank16_len256,qwen25_1_5b,leave_out_ghostbuster,recon_lin_multi,16,transition_plus_strict_koopman,all_samples,RandomForest,529,0.5,0.8754666666666666,0.8663333333333333,0.4459333333333333,0.46924667228212436,0.5,0.5,0.5,1.0,1.0,0.0,0.0,0.6666666666666666,0.0,1.0,0.0,0.013333333333333334,0.04666666666666667,0.07333333333333333,0.9133333333333333,0.98,0.39447322222222225,0.3708999999999999,0.3708999999999999,1.1603299842881176
ok,leave_out_ghostbuster_qwen25_1_5b_recon_lin_multi_hidden_to_obs3072_rank16_len256,qwen25_1_5b,leave_out_ghostbuster,recon_lin_multi,16,transition_plus_strict_koopman,m4_test,RandomForest,529,0.8488549618320611,0.8530190796857463,0.929058752997602,0.7688657155084012,0.9494201572379357,0.8488549618320611,0.5,0.8488549618320611,1.0,1.0,0.0,0.0,0.9182493806771264,0.0,1.0,0.0,0.2793764988009592,0.3830935251798561,0.43225419664268583,0.6127946127946128,0.7272727272727273,0.11922720384506644,0.06871077184054286,0.06871077184054286,0.3850411605724518
ok,leave_out_ghostbuster_qwen25_1_5b_recon_lin_multi_hidden_to_obs3072_rank16_len256,qwen25_1_5b,leave_out_ghostbuster,recon_lin_multi,16,transition_plus_strict_koopman,ghostbuster_test,RandomForest,529,0.5776119402985075,0.8747467608951708,0.9122394487510765,0.6822846759982104,0.7116209928654186,0.5776119402985075,0.5,0.5776119402985075,1.0,1.0,0.0,0.0,0.7322611163670766,0.0,1.0,0.0,0.002583979328165375,0.09560723514211886,0.25839793281653745,0.7314487632508834,0.8445229681978799,0.33084223880597013,0.3196865671641792,0.3196865671641792,0.9949957229332071
ok,leave_out_ghostbuster_qwen25_1_5b_recon_lin_multi_hidden_to_obs3072_rank16_len256,qwen25_1_5b,leave_out_ghostbuster,recon_lin_multi,16,transition_plus_strict_koopman,hc3_plus_test,RandomForest,529,0.6052631578947368,0.8969523809523808,0.9153209109730849,0.6271221532091098,0.7495685367030143,0.6052631578947368,0.5,0.6052631578947368,1.0,1.0,0.0,0.0,0.7540983606557377,0.0,1.0,0.0,0.09937888198757763,0.14906832298136646,0.32919254658385094,0.9333333333333333,0.9714285714285714,0.32481002506265666,0.3028070175438595,0.3028070175438595,0.999074360009892
ok,leave_out_ghostbuster_qwen25_1_5b_recon_lin_multi_hidden_to_obs3072_rank16_len256,qwen25_1_5b,leave_out_ghostbuster,recon_lin_multi,16,full_plus_transition_plus_strict_koopman,all_samples,RandomForest,805,0.5,0.6780222222222221,0.7314444444444445,0.6632000000000001,0.6497641142618736,0.51,0.51,0.5050847457627119,0.9933333333333333,0.9933333333333333,0.02666666666666667,0.02666666666666667,0.6696629213483146,0.07811334658849432,0.9733333333333334,0.006666666666666667,0.013333333333333334,0.14666666666666667,0.24666666666666667,0.7933333333333333,0.8866666666666667,0.27488777777777773,0.2047333333333334,0.2047333333333334,0.7656724959608632
ok,leave_out_ghostbuster_qwen25_1_5b_recon_lin_multi_hidden_to_obs3072_rank16_len256,qwen25_1_5b,leave_out_ghostbuster,recon_lin_multi,16,full_plus_transition_plus_strict_koopman,m4_test,RandomForest,805,0.8488549618320611,0.2106060606060606,0.967759792166267,0.9933376531098355,0.9987929587756651,0.9725190839694656,0.9270795484824261,0.9758254716981132,0.9922062350119905,0.9922062350119905,0.8619528619528619,0.8619528619528619,0.9839476813317479,0.8900736708471798,0.13804713804713806,0.0077937649880095924,0.8615107913669064,0.9760191846522782,0.988009592326139,0.016835016835016835,0.037037037037037035,0.02182999151823579,0.026751484308736247,0.026751484308736247,0.08272154678963492
ok,leave_out_ghostbuster_qwen25_1_5b_recon_lin_multi_hidden_to_obs3072_rank16_len256,qwen25_1_5b,leave_out_ghostbuster,recon_lin_multi,16,full_plus_transition_plus_strict_koopman,ghostbuster_test,RandomForest,805,0.5776119402985075,0.23491166077738518,0.7084840654608096,0.8678290008308909,0.9123095386633965,0.7791044776119403,0.7874197642461263,0.8632218844984803,0.7338501291989664,0.7338501291989664,0.8409893992932862,0.8409893992932862,0.7932960893854749,0.5679631854522952,0.15901060070671377,0.2661498708010336,0.45478036175710596,0.5788113695090439,0.6795865633074936,0.49469964664310956,0.6501766784452296,0.15525348258706467,0.07574626865671641,0.07574626865671641,0.4672763386947826
ok,leave_out_ghostbuster_qwen25_1_5b_recon_lin_multi_hidden_to_obs3072_rank16_len256,qwen25_1_5b,leave_out_ghostbuster,recon_lin_multi,16,full_plus_transition_plus_strict_koopman,hc3_plus_test,RandomForest,805,0.6052631578947368,0.6238730158730159,0.9416149068322983,0.9609287193138125,0.9768844614190502,0.6691729323308271,0.580952380952381,0.6465863453815262,1.0,1.0,0.1619047619047619,0.1619047619047619,0.7853658536585366,0.32355124524542656,0.8380952380952381,0.0,0.7515527950310559,0.8571428571428571,0.8944099378881988,0.12380952380952381,0.20952380952380953,0.16850233918128657,0.21092731829573944,0.21092731829573944,0.4630434367795067
ok,leave_out_ghostbuster_qwen25_1_5b_recon_lin_multi_hidden_to_obs3072_rank32_len256,qwen25_1_5b,leave_out_ghostbuster,recon_lin_multi,32,strict_koopman_spectral_only,all_samples,RandomForest,39,0.5,0.8042444444444444,0.8099111111111111,0.5274444444444444,0.548138238184715,0.49,0.49,0.49477351916376305,0.9466666666666667,0.9466666666666667,0.03333333333333333,0.03333333333333333,0.6498855835240275,-0.04911437594449354,0.9666666666666667,0.05333333333333334,0.006666666666666667,0.1,0.15333333333333332,0.9,0.9666666666666667,0.3604131481481482,0.32316666666666666,0.32316666666666666,1.0536102133545795
ok,leave_out_ghostbuster_qwen25_1_5b_recon_lin_multi_hidden_to_obs3072_rank32_len256,qwen25_1_5b,leave_out_ghostbuster,recon_lin_multi,32,strict_koopman_spectral_only,m4_test,RandomForest,39,0.8488549618320611,0.5737037037037036,0.9082034372501998,0.9169765197942656,0.9835046668308995,0.8956743002544529,0.6839407262069133,0.8995084653194976,0.987410071942446,0.987410071942446,0.38047138047138046,0.38047138047138046,0.9414118319519863,0.5227422091645949,0.6195286195286195,0.012589928057553957,0.44544364508393286,0.6414868105515588,0.7452038369304557,0.28619528619528617,0.39730639730639733,0.07647194797851285,0.031365564037319826,0.031365564037319826,0.2482748444388276
ok,leave_out_ghostbuster_qwen25_1_5b_recon_lin_multi_hidden_to_obs3072_rank32_len256,qwen25_1_5b,leave_out_ghostbuster,recon_lin_multi,32,strict_koopman_spectral_only,ghostbuster_test,RandomForest,39,0.5776119402985075,0.7178091872791519,0.8960637381567613,0.8607025136731768,0.8968979170566413,0.6104477611940299,0.5402936423151724,0.5981308411214953,0.9922480620155039,0.9922480620155039,0.08833922261484099,0.08833922261484099,0.7463556851311953,0.19891553085409325,0.911660777385159,0.007751937984496124,0.34108527131782945,0.4883720930232558,0.6175710594315246,0.42402826855123676,0.5795053003533569,0.23964814262023215,0.24315920398009944,0.24315920398009944,0.6727687118563368
ok,leave_out_ghostbuster_qwen25_1_5b_recon_lin_multi_hidden_to_obs3072_rank32_len256,qwen25_1_5b,leave_out_ghostbuster,recon_lin_multi,32,strict_koopman_spectral_only,hc3_plus_test,RandomForest,39,0.6052631578947368,0.6853015873015873,0.9273498964803313,0.9171546879621414,0.9425046237696914,0.6691729323308271,0.580952380952381,0.6465863453815262,1.0,1.0,0.1619047619047619,0.1619047619047619,0.7853658536585366,0.32355124524542656,0.8380952380952381,0.0,0.4409937888198758,0.577639751552795,0.7018633540372671,0.21904761904761905,0.37142857142857144,0.20344586466165412,0.2265413533834586,0.2265413533834586,0.5802746905857118
ok,leave_out_ghostbuster_qwen25_1_5b_recon_lin_multi_hidden_to_obs3072_rank32_len256,qwen25_1_5b,leave_out_ghostbuster,recon_lin_multi,32,full_plus_strict_koopman,all_samples,RandomForest,315,0.5,0.6157555555555556,0.6813777777777779,0.6161555555555555,0.6086427162742961,0.5466666666666666,0.5466666666666666,0.5296610169491526,0.8333333333333334,0.8333333333333334,0.26,0.26,0.6476683937823834,0.11391529710822088,0.74,0.16666666666666666,0.02,0.06,0.22,0.8333333333333334,0.9066666666666666,0.26739092592592595,0.1581888888888889,0.1581888888888889,0.7519092014173278
ok,leave_out_ghostbuster_qwen25_1_5b_recon_lin_multi_hidden_to_obs3072_rank32_len256,qwen25_1_5b,leave_out_ghostbuster,recon_lin_multi,32,full_plus_strict_koopman,m4_test,RandomForest,315,0.8488549618320611,0.18277216610549943,0.9736151079136692,0.995398630590477,0.9991729716235465,0.9776081424936387,0.9397633408424775,0.9799054373522459,0.9940047961630696,0.9940047961630696,0.8855218855218855,0.8855218855218855,0.986904761904762,0.9108435008892861,0.11447811447811448,0.005995203836930456,0.8962829736211031,0.9808153477218226,0.9934052757793765,0.010101010101010102,0.02356902356902357,0.018709086796720384,0.023124681933842206,0.023124681933842206,0.07089544263467887
ok,leave_out_ghostbuster_qwen25_1_5b_recon_lin_multi_hidden_to_obs3072_rank32_len256,qwen25_1_5b,leave_out_ghostbuster,recon_lin_multi,32,full_plus_strict_koopman,ghostbuster_test,RandomForest,315,0.5776119402985075,0.22474676089517082,0.7250473729543496,0.8788451529843591,0.9166680094607698,0.7910447761194029,0.7972808867705736,0.8643067846607669,0.7571059431524548,0.7571059431524548,0.8374558303886925,0.8374558303886925,0.8071625344352618,0.5873971536553481,0.1625441696113074,0.24289405684754523,0.46770025839793283,0.5968992248062015,0.661498708010336,0.4169611307420495,0.6183745583038869,0.1508150746268657,0.08356716417910448,0.08356716417910448,0.46060003237362523
ok,leave_out_ghostbuster_qwen25_1_5b_recon_lin_multi_hidden_to_obs3072_rank32_len256,qwen25_1_5b,leave_out_ghostbuster,recon_lin_multi,32,full_plus_strict_koopman,hc3_plus_test,RandomForest,315,0.6052631578947368,0.5485714285714285,0.9440372670807454,0.962407571724342,0.9794675985767227,0.7631578947368421,0.7033126293995859,0.7227272727272728,0.9875776397515528,0.9875776397515528,0.41904761904761906,0.41904761904761906,0.8346456692913385,0.5255471484421945,0.580952380952381,0.012422360248447204,0.8260869565217391,0.9006211180124224,0.9130434782608695,0.047619047619047616,0.21904761904761905,0.14328149540517962,0.18976190476190472,0.18976190476190472,0.40157959166979224
ok,leave_out_ghostbuster_qwen25_1_5b_recon_lin_multi_hidden_to_obs3072_rank32_len256,qwen25_1_5b,leave_out_ghostbuster,recon_lin_multi,32,transition_plus_strict_koopman,all_samples,LogisticRegression,529,0.5,0.9260500412775718,0.9393572463298869,0.5368888888888889,0.5232402065685149,0.5,0.5,0.5,0.9866666666666667,0.9866666666666667,0.013333333333333334,0.013333333333333334,0.6636771300448431,0.0,0.9866666666666667,0.013333333333333334,0.006666666666666667,0.04,0.12666666666666668,0.8533333333333334,0.9066666666666666,0.4442770956055661,0.447234333735969,0.447234333735969,1.939914297549887
ok,leave_out_ghostbuster_qwen25_1_5b_recon_lin_multi_hidden_to_obs3072_rank32_len256,qwen25_1_5b,leave_out_ghostbuster,recon_lin_multi,32,transition_plus_strict_koopman,m4_test,LogisticRegression,529,0.8488549618320611,0.8551864204544948,0.9421718615896151,0.7802485284499674,0.954636650417445,0.8513994910941476,0.5111849914008187,0.8517382413087935,0.9988009592326139,0.9988009592326139,0.02356902356902357,0.02356902356902357,0.9194260485651214,0.11866870910362971,0.9764309764309764,0.001199040767386091,0.3303357314148681,0.43285371702637887,0.500599520383693,0.6599326599326599,0.7575757575757576,0.12088044019540783,0.08138443892681993,0.08138443892681993,0.40187529642609293
ok,leave_out_ghostbuster_qwen25_1_5b_recon_lin_multi_hidden_to_obs3072_rank32_len256,qwen25_1_5b,leave_out_ghostbuster,recon_lin_multi,32,transition_plus_strict_koopman,ghostbuster_test,LogisticRegression,529,0.5776119402985075,0.8839345082818371,0.8444632645112254,0.3655463335798614,0.49089507224265183,0.5746268656716418,0.4983656102482629,0.5768072289156626,0.9896640826873385,0.9896640826873385,0.007067137809187279,0.007067137809187279,0.7288296860133207,-0.017138573111965868,0.9929328621908127,0.0103359173126615,0.0103359173126615,0.023255813953488372,0.03875968992248062,0.9328621908127208,0.9717314487632509,0.353636912108822,0.2974696579337729,0.2974696579337729,1.150347747566719
ok,leave_out_ghostbuster_qwen25_1_5b_recon_lin_multi_hidden_to_obs3072_rank32_len256,qwen25_1_5b,leave_out_ghostbuster,recon_lin_multi,32,transition_plus_strict_koopman,hc3_plus_test,LogisticRegression,529,0.6052631578947368,0.9304929039404841,0.8965050318096153,0.3666370896184561,0.5238145773600561,0.5977443609022557,0.4937888198757764,0.6022727272727273,0.9875776397515528,0.9875776397515528,0.0,0.0,0.7482352941176471,-0.07029019463944165,1.0,0.012422360248447204,0.006211180124223602,0.018633540372670808,0.043478260869565216,0.9619047619047619,0.9714285714285714,0.3555377299925108,0.3322032228886369,0.3322032228886369,1.3642243818603976
ok,leave_out_ghostbuster_qwen25_1_5b_recon_lin_multi_hidden_to_obs3072_rank32_len256,qwen25_1_5b,leave_out_ghostbuster,recon_lin_multi,32,full_plus_transition_plus_strict_koopman,all_samples,RandomForest,805,0.5,0.6682222222222223,0.7206444444444444,0.6437555555555556,0.6333083918531374,0.5066666666666667,0.5066666666666667,0.503448275862069,0.9733333333333334,0.9733333333333334,0.04,0.04,0.6636363636363637,0.037139067635410375,0.96,0.02666666666666667,0.013333333333333334,0.08,0.24666666666666667,0.8066666666666666,0.94,0.27382211111111115,0.19443333333333332,0.19443333333333332,0.7617499799817349
ok,leave_out_ghostbuster_qwen25_1_5b_recon_lin_multi_hidden_to_obs3072_rank32_len256,qwen25_1_5b,leave_out_ghostbuster,recon_lin_multi,32,full_plus_transition_plus_strict_koopman,m4_test,RandomForest,805,0.8488549618320611,0.21309764309764312,0.968179456434852,0.9929066847532075,0.9987016027114651,0.9755725190839695,0.9330293341084708,0.9775943396226415,0.9940047961630696,0.9940047961630696,0.8720538720538721,0.8720538720538721,0.985731272294887,0.9024735798377768,0.12794612794612795,0.005995203836930456,0.8591127098321343,0.9760191846522782,0.9898081534772182,0.026936026936026935,0.037037037037037035,0.022001130901894258,0.02627989821882947,0.02627989821882947,0.08376411875393872
ok,leave_out_ghostbuster_qwen25_1_5b_recon_lin_multi_hidden_to_obs3072_rank32_len256,qwen25_1_5b,leave_out_ghostbuster,recon_lin_multi,32,full_plus_transition_plus_strict_koopman,ghostbuster_test,RandomForest,805,0.5776119402985075,0.2379387514723204,0.7184668389319553,0.873960245067156,0.9166777959305538,0.7805970149253731,0.788711753910209,0.8636363636363636,0.7364341085271318,0.7364341085271318,0.8409893992932862,0.8409893992932862,0.7949790794979079,0.5704882875450238,0.15901060070671377,0.26356589147286824,0.4883720930232558,0.5917312661498708,0.6770025839793282,0.45936395759717313,0.6113074204946997,0.15108184079601988,0.0770497512437811,0.0770497512437811,0.4523022519654207
ok,leave_out_ghostbuster_qwen25_1_5b_recon_lin_multi_hidden_to_obs3072_rank32_len256,qwen25_1_5b,leave_out_ghostbuster,recon_lin_multi,32,full_plus_transition_plus_strict_koopman,hc3_plus_test,RandomForest,805,0.6052631578947368,0.6215555555555554,0.9421739130434782,0.9644779650990831,0.9784768109757651,0.6729323308270677,0.5873706004140786,0.6504065040650406,0.9937888198757764,0.9937888198757764,0.18095238095238095,0.18095238095238095,0.7862407862407862,0.3239070136711478,0.819047619047619,0.006211180124223602,0.7453416149068323,0.8509316770186336,0.9316770186335404,0.08571428571428572,0.13333333333333333,0.16666666666666669,0.21035087719298248,0.21035087719298248,0.4586583668913788
