train_source,test_set,feature_set,auroc,auprc,f1,tpr_at_fpr_1pct,tpr_at_fpr_5pct,fpr_at_tpr_95pct
leave_out_ghostbuster,all_samples,strict_koopman_spectral_only,0.4706222222222222,0.47498041772915955,0.6621315192743764,0.0,0.02,0.9266666666666666
leave_out_ghostbuster,m4_test,strict_koopman_spectral_only,0.9086427827435022,0.979873751893504,0.9397659149300599,0.2314148681055156,0.5731414868105515,0.40404040404040403
leave_out_ghostbuster,ghostbuster_test,strict_koopman_spectral_only,0.9308123556212964,0.9486310759932385,0.7451737451737451,0.38242894056847543,0.6976744186046512,0.33568904593639576
leave_out_ghostbuster,hc3_plus_test,strict_koopman_spectral_only,0.9450162673765159,0.9624384292292265,0.7990074441687345,0.6645962732919255,0.7391304347826086,0.24761904761904763
leave_out_ghostbuster,all_samples,full_plus_strict_koopman,0.6782666666666666,0.6540836553554179,0.6767676767676768,0.013333333333333334,0.08,0.82
leave_out_ghostbuster,m4_test,full_plus_strict_koopman,0.9931105620554062,0.9987192519126885,0.9839667458432304,0.8237410071942446,0.9760191846522782,0.037037037037037035
leave_out_ghostbuster,ghostbuster_test,full_plus_strict_koopman,0.9121492681768794,0.9397070343857042,0.8526315789473684,0.5116279069767442,0.6330749354005168,0.5017667844522968
leave_out_ghostbuster,hc3_plus_test,full_plus_strict_koopman,0.973617272996155,0.9843134850410007,0.8502673796791443,0.8012422360248447,0.9130434782608695,0.10476190476190476
leave_out_ghostbuster,all_samples,transition_plus_strict_koopman,0.46028888888888886,0.4677444461181945,0.6666666666666666,0.006666666666666667,0.02666666666666667,0.9666666666666667
leave_out_ghostbuster,m4_test,transition_plus_strict_koopman,0.7595650752125572,0.9413244475571977,0.9182493806771264,0.12290167865707434,0.30935251798561153,0.6902356902356902
leave_out_ghostbuster,ghostbuster_test,transition_plus_strict_koopman,0.7422868673587713,0.8144459110514434,0.7322611163670766,0.16795865633074936,0.27906976744186046,0.8975265017667845
leave_out_ghostbuster,hc3_plus_test,transition_plus_strict_koopman,0.8372966577935523,0.8938103963238301,0.7540983606557377,0.34782608695652173,0.515527950310559,0.8761904761904762
leave_out_ghostbuster,all_samples,full_plus_transition_plus_strict_koopman,0.7119777777777777,0.6860197864224458,0.6788990825688074,0.013333333333333334,0.14,0.84
leave_out_ghostbuster,m4_test,full_plus_transition_plus_strict_koopman,0.9897435586884029,0.9980658665971003,0.9810089020771513,0.7739808153477218,0.960431654676259,0.04713804713804714
leave_out_ghostbuster,ghostbuster_test,full_plus_transition_plus_strict_koopman,0.9037490526930908,0.9364516674303148,0.8388814913448736,0.5167958656330749,0.6873385012919897,0.5512367491166078
leave_out_ghostbuster,hc3_plus_test,full_plus_transition_plus_strict_koopman,0.9649511978704525,0.9725807321139902,0.8060453400503779,0.7515527950310559,0.8198757763975155,0.10476190476190476
leave_out_ghostbuster,all_samples,strict_koopman_spectral_only,0.5422222222222223,0.5519728746025099,0.6621621621621622,0.03333333333333333,0.08,0.9466666666666667
leave_out_ghostbuster,m4_test,strict_koopman_spectral_only,0.9207977052701273,0.982768878273136,0.9419834238353816,0.32973621103117506,0.6109112709832134,0.3501683501683502
leave_out_ghostbuster,ghostbuster_test,strict_koopman_spectral_only,0.9217090786241909,0.9437112068426836,0.750733137829912,0.39276485788113696,0.6408268733850129,0.4028268551236749
leave_out_ghostbuster,hc3_plus_test,strict_koopman_spectral_only,0.9523809523809524,0.9668364952952199,0.7853658536585366,0.4782608695652174,0.6645962732919255,0.1523809523809524
leave_out_ghostbuster,all_samples,full_plus_strict_koopman,0.6441555555555556,0.6215154587548263,0.6582278481012658,0.013333333333333334,0.08666666666666667,0.8066666666666666
leave_out_ghostbuster,m4_test,full_plus_strict_koopman,0.9926089431485114,0.998598535353061,0.9836940409131337,0.8201438848920863,0.9706235011990407,0.03367003367003367
leave_out_ghostbuster,ghostbuster_test,full_plus_strict_koopman,0.9119529587932907,0.9408488562200882,0.8556566970091027,0.5400516795865633,0.6795865633074936,0.508833922261484
leave_out_ghostbuster,hc3_plus_test,full_plus_strict_koopman,0.975628512274475,0.9862539464170799,0.8571428571428571,0.8385093167701864,0.906832298136646,0.10476190476190476
leave_out_ghostbuster,all_samples,transition_plus_strict_koopman,0.4755333333333333,0.4804413438143951,0.6666666666666666,0.006666666666666667,0.02,0.9733333333333334
leave_out_ghostbuster,m4_test,transition_plus_strict_koopman,0.740075616274657,0.9288920955060639,0.9240155296727676,0.005995203836930456,0.1498800959232614,0.6464646464646465
leave_out_ghostbuster,ghostbuster_test,transition_plus_strict_koopman,0.7119502195925895,0.769606946923907,0.7322611163670766,0.0103359173126615,0.2454780361757106,0.9293286219081273
leave_out_ghostbuster,hc3_plus_test,transition_plus_strict_koopman,0.772966577935522,0.8358444172883417,0.7540983606557377,0.14906832298136646,0.14906832298136646,0.9142857142857143
leave_out_ghostbuster,all_samples,full_plus_transition_plus_strict_koopman,0.6947111111111111,0.6702199955112077,0.6825775656324582,0.013333333333333334,0.14,0.84
leave_out_ghostbuster,m4_test,full_plus_transition_plus_strict_koopman,0.9902512333567489,0.9981590030681763,0.9830508474576272,0.7961630695443646,0.9586330935251799,0.04713804713804714
leave_out_ghostbuster,ghostbuster_test,full_plus_transition_plus_strict_koopman,0.9040001460907041,0.9352097120282579,0.8428005284015853,0.5271317829457365,0.6537467700258398,0.5441696113074205
leave_out_ghostbuster,hc3_plus_test,full_plus_transition_plus_strict_koopman,0.9649216208222419,0.978906205057848,0.8132992327365729,0.6956521739130435,0.8136645962732919,0.12380952380952381
leave_out_ghostbuster,all_samples,strict_koopman_spectral_only,0.5350444444444444,0.572843013299887,0.6590909090909091,0.08,0.11333333333333333,0.9466666666666667
leave_out_ghostbuster,m4_test,strict_koopman_spectral_only,0.8998266033637736,0.9802148790331197,0.9371069182389937,0.46882494004796166,0.6726618705035972,0.494949494949495
leave_out_ghostbuster,ghostbuster_test,strict_koopman_spectral_only,0.8662996137727011,0.8965604620427062,0.7507274490785645,0.21705426356589147,0.4625322997416021,0.5724381625441696
leave_out_ghostbuster,hc3_plus_test,strict_koopman_spectral_only,0.9007985803016859,0.9319126677117726,0.7834549878345499,0.34782608695652173,0.6335403726708074,0.42857142857142855
leave_out_ghostbuster,all_samples,full_plus_strict_koopman,0.6298666666666667,0.6346702712073979,0.6483790523690773,0.013333333333333334,0.17333333333333334,0.9333333333333333
leave_out_ghostbuster,m4_test,full_plus_strict_koopman,0.9951362142609146,0.9991236179824037,0.9866190900981266,0.908273381294964,0.9814148681055156,0.030303030303030304
leave_out_ghostbuster,ghostbuster_test,full_plus_strict_koopman,0.8878342966189133,0.9225999905453517,0.8098495212038304,0.4315245478036176,0.6046511627906976,0.5724381625441696
leave_out_ghostbuster,hc3_plus_test,full_plus_strict_koopman,0.9617864537119196,0.9786601647016605,0.8302872062663186,0.7950310559006211,0.8695652173913043,0.26666666666666666
leave_out_ghostbuster,all_samples,transition_plus_strict_koopman,0.4534666666666667,0.48154154872037447,0.6666666666666666,0.02,0.06666666666666667,0.98
leave_out_ghostbuster,m4_test,transition_plus_strict_koopman,0.7650172791060081,0.9492523488786301,0.9182493806771264,0.2997601918465228,0.39448441247002397,0.7407407407407407
leave_out_ghostbuster,ghostbuster_test,transition_plus_strict_koopman,0.6461865760904301,0.7012934519411215,0.7322611163670766,0.04909560723514212,0.1111111111111111,0.8692579505300353
leave_out_ghostbuster,hc3_plus_test,transition_plus_strict_koopman,0.5988760721679975,0.7480144747937805,0.7540983606557377,0.11801242236024845,0.2546583850931677,0.9904761904761905
leave_out_ghostbuster,all_samples,full_plus_transition_plus_strict_koopman,0.6856444444444445,0.6708568801705936,0.6651685393258427,0.013333333333333334,0.11333333333333333,0.8733333333333333
leave_out_ghostbuster,m4_test,full_plus_transition_plus_strict_koopman,0.9927300583775404,0.9986701010427594,0.9845513963161022,0.8567146282973621,0.9742206235011991,0.037037037037037035
leave_out_ghostbuster,ghostbuster_test,full_plus_transition_plus_strict_koopman,0.871622793802102,0.9149622963667849,0.8005540166204986,0.46770025839793283,0.5839793281653747,0.6183745583038869
leave_out_ghostbuster,hc3_plus_test,full_plus_transition_plus_strict_koopman,0.9592724046140195,0.9755261232904584,0.7785888077858881,0.7515527950310559,0.8198757763975155,0.21904761904761905
leave_out_ghostbuster,all_samples,strict_koopman_spectral_only,0.5453111111111111,0.5669628530596196,0.6482758620689655,0.013333333333333334,0.08,0.9666666666666667
leave_out_ghostbuster,m4_test,strict_koopman_spectral_only,0.91665960161164,0.9824609719140502,0.9417116860961047,0.43345323741007197,0.6199040767386091,0.4377104377104377
leave_out_ghostbuster,ghostbuster_test,strict_koopman_spectral_only,0.8687740250728173,0.9043789276951364,0.7534246575342466,0.35658914728682173,0.49612403100775193,0.4911660777385159
leave_out_ghostbuster,hc3_plus_test,strict_koopman_spectral_only,0.913516711032239,0.9377135124595896,0.7766990291262136,0.3416149068322981,0.5962732919254659,0.34285714285714286
leave_out_ghostbuster,all_samples,full_plus_strict_koopman,0.6195777777777778,0.615692037350763,0.6368421052631579,0.013333333333333334,0.12,0.9
leave_out_ghostbuster,m4_test,full_plus_strict_koopman,0.9952754967742976,0.9991472467244982,0.986904761904762,0.9112709832134293,0.9838129496402878,0.026936026936026935
leave_out_ghostbuster,ghostbuster_test,full_plus_strict_koopman,0.8865286109513244,0.9220365267210092,0.8082191780821918,0.4444444444444444,0.6175710594315246,0.5229681978798587
leave_out_ghostbuster,hc3_plus_test,full_plus_strict_koopman,0.9652173913043478,0.9805932744951633,0.8324607329842932,0.84472049689441,0.8695652173913043,0.13333333333333333
leave_out_ghostbuster,all_samples,transition_plus_strict_koopman,0.48677777777777775,0.4804373059344352,0.6666666666666666,0.0,0.02666666666666667,0.98
leave_out_ghostbuster,m4_test,transition_plus_strict_koopman,0.7189006370661047,0.9347341970805986,0.9182493806771264,0.25,0.3009592326139089,0.7508417508417509
leave_out_ghostbuster,ghostbuster_test,transition_plus_strict_koopman,0.5134859981190822,0.5885160313690233,0.7322611163670766,0.00516795865633075,0.059431524547803614,0.9363957597173145
leave_out_ghostbuster,hc3_plus_test,transition_plus_strict_koopman,0.4413782904466135,0.578124929166269,0.7540983606557377,0.006211180124223602,0.012422360248447204,0.9619047619047619
leave_out_ghostbuster,all_samples,full_plus_transition_plus_strict_koopman,0.6576888888888889,0.656414569086135,0.6619385342789598,0.013333333333333334,0.20666666666666667,0.9
leave_out_ghostbuster,m4_test,full_plus_transition_plus_strict_koopman,0.9928188762121617,0.9986891172960414,0.9845513963161022,0.8621103117505995,0.9778177458033573,0.037037037037037035
leave_out_ghostbuster,ghostbuster_test,full_plus_transition_plus_strict_koopman,0.8768272751344491,0.9186492632116134,0.8033240997229917,0.4754521963824289,0.6175710594315246,0.607773851590106
leave_out_ghostbuster,hc3_plus_test,full_plus_transition_plus_strict_koopman,0.961608991422656,0.9771177950258074,0.7901234567901234,0.7453416149068323,0.8633540372670807,0.24761904761904763
leave_out_ghostbuster,all_samples,strict_koopman_spectral_only,0.5226222222222222,0.5404172838807619,0.6606741573033708,0.04,0.07333333333333333,0.96
leave_out_ghostbuster,m4_test,strict_koopman_spectral_only,0.9090465001735986,0.9818797356396253,0.9348135496726445,0.4520383693045564,0.6073141486810552,0.43097643097643096
leave_out_ghostbuster,ghostbuster_test,strict_koopman_spectral_only,0.8664639658147752,0.8979278405005735,0.7497565725413826,0.2248062015503876,0.5090439276485789,0.5724381625441696
leave_out_ghostbuster,hc3_plus_test,strict_koopman_spectral_only,0.9001774622892634,0.9346937586744447,0.7673860911270983,0.43478260869565216,0.6086956521739131,0.42857142857142855
leave_out_ghostbuster,all_samples,full_plus_strict_koopman,0.631,0.6201621442840691,0.6446700507614214,0.013333333333333334,0.03333333333333333,0.9
leave_out_ghostbuster,m4_test,full_plus_strict_koopman,0.9948707700506262,0.9990705916427122,0.9863176680547293,0.9112709832134293,0.9838129496402878,0.03367003367003367
leave_out_ghostbuster,ghostbuster_test,full_plus_strict_koopman,0.8817852284036851,0.9195519993181751,0.8055172413793104,0.4392764857881137,0.5943152454780362,0.5795053003533569
leave_out_ghostbuster,hc3_plus_test,full_plus_strict_koopman,0.9571132800946466,0.9760218979728461,0.8324607329842932,0.7763975155279503,0.8260869565217391,0.2571428571428571
leave_out_ghostbuster,all_samples,transition_plus_strict_koopman,0.4459333333333333,0.46924667228212436,0.6666666666666666,0.013333333333333334,0.04666666666666667,0.98
leave_out_ghostbuster,m4_test,transition_plus_strict_koopman,0.7688657155084012,0.9494201572379357,0.9182493806771264,0.2793764988009592,0.3830935251798561,0.7272727272727273
leave_out_ghostbuster,ghostbuster_test,transition_plus_strict_koopman,0.6822846759982104,0.7116209928654186,0.7322611163670766,0.002583979328165375,0.09560723514211886,0.8445229681978799
leave_out_ghostbuster,hc3_plus_test,transition_plus_strict_koopman,0.6271221532091098,0.7495685367030143,0.7540983606557377,0.09937888198757763,0.14906832298136646,0.9714285714285714
leave_out_ghostbuster,all_samples,full_plus_transition_plus_strict_koopman,0.6632000000000001,0.6497641142618736,0.6696629213483146,0.013333333333333334,0.14666666666666667,0.8866666666666667
leave_out_ghostbuster,m4_test,full_plus_transition_plus_strict_koopman,0.9933376531098355,0.9987929587756651,0.9839476813317479,0.8615107913669064,0.9760191846522782,0.037037037037037035
leave_out_ghostbuster,ghostbuster_test,full_plus_transition_plus_strict_koopman,0.8678290008308909,0.9123095386633965,0.7932960893854749,0.45478036175710596,0.5788113695090439,0.6501766784452296
leave_out_ghostbuster,hc3_plus_test,full_plus_transition_plus_strict_koopman,0.9609287193138125,0.9768844614190502,0.7853658536585366,0.7515527950310559,0.8571428571428571,0.20952380952380953
leave_out_ghostbuster,all_samples,strict_koopman_spectral_only,0.5274444444444444,0.548138238184715,0.6498855835240275,0.006666666666666667,0.1,0.9666666666666667
leave_out_ghostbuster,m4_test,strict_koopman_spectral_only,0.9169765197942656,0.9835046668308995,0.9414118319519863,0.44544364508393286,0.6414868105515588,0.39730639730639733
leave_out_ghostbuster,ghostbuster_test,strict_koopman_spectral_only,0.8607025136731768,0.8968979170566413,0.7463556851311953,0.34108527131782945,0.4883720930232558,0.5795053003533569
leave_out_ghostbuster,hc3_plus_test,strict_koopman_spectral_only,0.9171546879621414,0.9425046237696914,0.7853658536585366,0.4409937888198758,0.577639751552795,0.37142857142857144
leave_out_ghostbuster,all_samples,full_plus_strict_koopman,0.6161555555555555,0.6086427162742961,0.6476683937823834,0.02,0.06,0.9066666666666666
leave_out_ghostbuster,m4_test,full_plus_strict_koopman,0.995398630590477,0.9991729716235465,0.986904761904762,0.8962829736211031,0.9808153477218226,0.02356902356902357
leave_out_ghostbuster,ghostbuster_test,full_plus_strict_koopman,0.8788451529843591,0.9166680094607698,0.8071625344352618,0.46770025839793283,0.5968992248062015,0.6183745583038869
leave_out_ghostbuster,hc3_plus_test,full_plus_strict_koopman,0.962407571724342,0.9794675985767227,0.8346456692913385,0.8260869565217391,0.9006211180124224,0.21904761904761905
leave_out_ghostbuster,all_samples,transition_plus_strict_koopman,0.5368888888888889,0.5232402065685149,0.6636771300448431,0.006666666666666667,0.04,0.9066666666666666
leave_out_ghostbuster,m4_test,transition_plus_strict_koopman,0.7802485284499674,0.954636650417445,0.9194260485651214,0.3303357314148681,0.43285371702637887,0.7575757575757576
leave_out_ghostbuster,ghostbuster_test,transition_plus_strict_koopman,0.3655463335798614,0.49089507224265183,0.7288296860133207,0.0103359173126615,0.023255813953488372,0.9717314487632509
leave_out_ghostbuster,hc3_plus_test,transition_plus_strict_koopman,0.3666370896184561,0.5238145773600561,0.7482352941176471,0.006211180124223602,0.018633540372670808,0.9714285714285714
leave_out_ghostbuster,all_samples,full_plus_transition_plus_strict_koopman,0.6437555555555556,0.6333083918531374,0.6636363636363637,0.013333333333333334,0.08,0.94
leave_out_ghostbuster,m4_test,full_plus_transition_plus_strict_koopman,0.9929066847532075,0.9987016027114651,0.985731272294887,0.8591127098321343,0.9760191846522782,0.037037037037037035
leave_out_ghostbuster,ghostbuster_test,full_plus_transition_plus_strict_koopman,0.873960245067156,0.9166777959305538,0.7949790794979079,0.4883720930232558,0.5917312661498708,0.6113074204946997
leave_out_ghostbuster,hc3_plus_test,full_plus_transition_plus_strict_koopman,0.9644779650990831,0.9784768109757651,0.7862407862407862,0.7453416149068323,0.8509316770186336,0.13333333333333333
