train_name,model_name,experiment,feature_set,test_set,latent_dim,hidden_dim,positive_class_rate,mean_ai_probability_human,mean_ai_probability_ai,auroc,auprc,accuracy,balanced_accuracy,precision,recall,tpr,specificity,tnr,f1,mcc,fpr,fnr,tpr_at_fpr_1pct,tpr_at_fpr_5pct,tpr_at_fpr_10pct,fpr_at_tpr_90pct,fpr_at_tpr_95pct,brier_score,expected_calibration_error,ECE,log_loss,best_model,n_features,train_source,pref,method,ece
combined_strict,qwen25_7b,combined_strict_qwen25_7b_seq256_ld32_hd64_lr3em04_cfgB,full_plus_transition_plus_deep_dmd,all_samples,32.0,64.0,0.5,0.5195777777777778,0.5966444444444444,0.6621333333333334,0.6266363078066459,0.6233333333333333,0.6233333333333333,0.5989304812834224,0.7466666666666667,0.7466666666666667,0.5,0.5,0.6646884272997032,0.2545315950444454,0.5,0.2533333333333333,0.0266666666666666,0.06,0.16,0.72,0.8733333333333333,0.2380733333333333,0.0890888888888888,0.0890888888888888,0.6799286129430455,random_forest,,combined_strict,0.0,deep_dmd_best_available,
combined_strict,qwen25_7b,combined_strict_qwen25_7b_seq256_ld32_hd64_lr3em04_cfgB,full_plus_deep_dmd_score,ghostbuster_test,32.0,64.0,0.5776119402985075,0.154040047114252,0.924944013781223,0.9920197952904009,0.9937599068696356,0.9597014925373134,0.9560951780936988,0.9522613065326632,0.979328165374677,0.979328165374677,0.9328621908127208,0.9328621908127208,0.9656050955414012,0.917504469889029,0.0671378091872791,0.020671834625323,0.7881136950904393,0.9638242894056848,0.9844961240310076,0.0212014134275618,0.0282685512367491,0.0380458706467661,0.0614626865671641,0.0614626865671641,0.1442782054124217,random_forest,,combined_strict,4.0,deep_dmd_best_available,
combined_strict,qwen25_1_5b,combined_strict_qwen25_1_5b_seq256_ld32_hd64_lr3em04_cfgB,full_plus_deep_dmd_spectral,hc3_plus_test,32.0,64.0,0.6052631578947368,0.5125396825396825,0.9326293995859212,0.954066844128956,0.974692643929456,0.7894736842105263,0.7416149068322981,0.7536231884057971,0.968944099378882,0.968944099378882,0.5142857142857142,0.5142857142857142,0.8478260869565217,0.5685257371329234,0.4857142857142857,0.031055900621118,0.7577639751552795,0.84472049689441,0.9006211180124224,0.0857142857142857,0.3047619047619048,0.135646992481203,0.1615413533834586,0.1615413533834586,0.3871631333838368,random_forest,,combined_strict,2.0,deep_dmd_best_available,
combined_strict,qwen25_1_5b,combined_strict_qwen25_1_5b_seq256_ld32_hd64_lr3em04_cfgB,full_plus_deep_dmd_score,m4_test,32.0,64.0,0.8488549618320611,0.2270145903479236,0.960333733013589,0.9924595676993758,0.998573709383868,0.9755725190839696,0.9316455926168156,0.9770318021201412,0.9946043165467626,0.9946043165467626,0.8686868686868687,0.8686868686868687,0.9857397504456328,0.9024207663779704,0.1313131313131313,0.0053956834532374,0.8513189448441247,0.9808153477218226,0.9892086330935252,0.0269360269360269,0.0336700336700336,0.0234741193101498,0.0370992366412213,0.0370992366412213,0.0916556265716533,random_forest,,combined_strict,4.0,deep_dmd_best_available,
ghostbuster,qwen25_1_5b,ghostbuster_qwen25_1_5b_seq256_ld8_hd64_lr1em03_cfgC,deep_dmd_score_only,all_samples,8.0,64.0,0.5033557046979866,0.023771839824037338,0.0291884684238385,0.5078828828828829,0.5121325221792908,0.5,0.5032882882882883,0.6666666666666666,0.013333333333333334,0.013333333333333334,0.9932432432432432,0.9932432432432432,0.026143790849673203,0.03293856943062034,0.006756756756756757,0.9866666666666667,0.02,0.06,0.07333333333333333,0.8445945945945946,0.9256756756756757,0.4858880895586852,0.48339098190855495,0.48339098190855495,3.4982615687139944,,,ghostbuster,6.0,deep_dmd_best_available,
ghostbuster,qwen25_1_5b,ghostbuster_qwen25_1_5b_seq256_ld8_hd64_lr1em03_cfgC,full_plus_deep_dmd_spectral,ghostbuster_test,8.0,64.0,0.5776119402985075,0.021636316821310977,0.9737304965196227,0.99751645803088,0.9984125129986308,0.9835820895522388,0.9838889345422339,0.9895833333333334,0.9819121447028424,0.9819121447028424,0.9858657243816255,0.9858657243816255,0.9857328145265889,0.9664419168750858,0.014134275618374558,0.01808785529715762,0.9689922480620154,0.9922480620155039,0.9948320413436692,0.0,0.0035335689045936395,0.01362752819288159,0.011135273022308777,0.011135273022308777,0.0589752715144883,logistic_regression,,ghostbuster,2.0,deep_dmd_best_available,
ghostbuster,qwen25_1_5b,ghostbuster_qwen25_1_5b_seq256_ld8_hd64_lr1em03_cfgC,deep_dmd_score_only,hc3_plus_test,8.0,64.0,0.6052631578947368,0.13215424940216985,0.7725491069354151,0.9070097604259094,0.9467132546425125,0.8157894736842105,0.8312629399585921,0.9242424242424242,0.7577639751552795,0.7577639751552795,0.9047619047619048,0.9047619047619048,0.8327645051194539,0.6476957842878062,0.09523809523809523,0.2422360248447205,0.6149068322981367,0.7080745341614907,0.7577639751552795,0.3523809523809524,0.5619047619047619,0.14458900095598443,0.13373435620186708,0.13373435620186708,0.6104149650469246,,,ghostbuster,6.0,deep_dmd_best_available,
ghostbuster,qwen25_1_5b,ghostbuster_qwen25_1_5b_seq256_ld8_hd64_lr1em03_cfgC,deep_dmd_score_only,m4_test,8.0,64.0,0.8488549618320611,0.3045477118842241,0.822052141291674,0.8719166081276393,0.9748130164752603,0.8137404580152672,0.7740534844851392,0.9428571428571428,0.8309352517985612,0.8309352517985612,0.7171717171717171,0.7171717171717171,0.8833652007648184,0.45225180093753825,0.2828282828282828,0.16906474820143885,0.3315347721822542,0.60431654676259,0.6876498800959233,0.4511784511784512,0.6127946127946128,0.14302833788695904,0.13341147249140417,0.13341147249140417,0.5187908647120507,,,ghostbuster,6.0,deep_dmd_best_available,
hc3_plus,qwen25_1_5b,hc3_plus_qwen25_1_5b_seq256_ld8_hd64_lr1em03_cfgC,full_plus_deep_dmd_spectral,all_samples,8.0,64.0,0.5,0.2522888888888889,0.29359999999999997,0.5932222222222222,0.5800610543013267,0.5033333333333333,0.5033333333333333,0.5294117647058824,0.06,0.06,0.9466666666666667,0.9466666666666667,0.10778443113772455,0.014417246421833164,0.05333333333333334,0.94,0.03333333333333333,0.05333333333333334,0.16,0.82,0.9133333333333333,0.30128737037037034,0.2442555555555556,0.2442555555555556,0.8303046884326399,random_forest,,hc3_plus,2.0,deep_dmd_best_available,
hc3_plus,qwen25_1_5b,hc3_plus_qwen25_1_5b_seq256_ld8_hd64_lr1em03_cfgC,full_plus_deep_dmd_spectral,ghostbuster_test,8.0,64.0,0.5776119402985075,0.17616018845700823,0.634229112833764,0.9357474822180222,0.9578335973310519,0.8283582089552238,0.848097625112992,0.9755244755244755,0.7209302325581395,0.7209302325581395,0.9752650176678446,0.9752650176678446,0.8291233283803864,0.6952341995423384,0.024734982332155476,0.27906976744186046,0.5607235142118863,0.7674418604651163,0.8191214470284238,0.26501766784452296,0.38162544169611307,0.1318967495854063,0.14427860696517414,0.14427860696517414,0.42097646566283253,random_forest,,hc3_plus,2.0,deep_dmd_best_available,
hc3_plus,qwen25_1_5b,hc3_plus_qwen25_1_5b_seq256_ld8_hd64_lr1em03_cfgC,full_plus_deep_dmd_spectral,hc3_plus_test,8.0,64.0,0.6052631578947368,0.23317460317460317,0.8702898550724638,0.9658976634131914,0.9786551169252876,0.8947368421052632,0.8915113871635612,0.9182389937106918,0.906832298136646,0.906832298136646,0.8761904761904762,0.8761904761904762,0.9125,0.7805334692041227,0.12380952380952381,0.09316770186335403,0.7018633540372671,0.84472049689441,0.8944099378881988,0.11428571428571428,0.2,0.07412456140350877,0.04441102756892232,0.04441102756892232,0.2448486357089817,random_forest,,hc3_plus,2.0,deep_dmd_best_available,
hc3_plus,qwen25_1_5b,hc3_plus_qwen25_1_5b_seq256_ld8_hd64_lr1em03_cfgC,full_plus_deep_dmd_spectral,m4_test,8.0,64.0,0.8488549618320611,0.2474747474747475,0.7383792965627499,0.9151032709186186,0.9816595207902246,0.8076335877862595,0.8341084707991183,0.972181551976574,0.7961630695443646,0.7961630695443646,0.8720538720538721,0.8720538720538721,0.8754119973632168,0.5199420824257653,0.12794612794612795,0.2038369304556355,0.23741007194244604,0.6145083932853717,0.7488009592326139,0.24579124579124578,0.40404040404040403,0.12677281877297145,0.18467345207803224,0.18467345207803224,0.39120813778072966,random_forest,,hc3_plus,2.0,deep_dmd_best_available,
leave_out_ghostbuster,qwen25_1_5b,leave_out_ghostbuster_qwen25_1_5b_seq256_ld8_hd64_lr1em03_cfgC,full_plus_transition_plus_deep_dmd,all_samples,8.0,64.0,0.5,0.6080666666666668,0.6929777777777777,0.6894222222222223,0.6519989932126965,0.58,0.58,0.546875,0.9333333333333332,0.9333333333333332,0.2266666666666666,0.2266666666666666,0.6896551724137931,0.2261335084333227,0.7733333333333333,0.0666666666666666,0.0133333333333333,0.1133333333333333,0.2133333333333333,0.7533333333333333,0.86,0.2489064814814814,0.1505222222222222,0.1505222222222222,0.7030037473172267,random_forest,,leave_out_ghostbuster,0.0,deep_dmd_best_available,
leave_out_ghostbuster,qwen25_7b,leave_out_ghostbuster_qwen25_7b_seq256_ld32_hd64_lr3em04_cfgB,full_plus_transition_plus_deep_dmd,ghostbuster_test,32.0,64.0,0.5776119402985075,0.2887985865724382,0.8017743324720068,0.9192848860035976,0.945165162231122,0.8388059701492537,0.836250582080149,0.8661417322834646,0.8527131782945736,0.8527131782945736,0.8197879858657244,0.8197879858657244,0.859375,0.6707031276015331,0.1802120141342756,0.1472868217054263,0.4857881136950904,0.6925064599483204,0.7829457364341085,0.2791519434628975,0.4487632508833922,0.1137418407960198,0.0298855721393034,0.0298855721393034,0.3541006661288299,random_forest,,leave_out_ghostbuster,0.0,deep_dmd_best_available,
leave_out_ghostbuster,qwen25_7b,leave_out_ghostbuster_qwen25_7b_seq256_ld32_hd64_lr3em04_cfgB,full_plus_deep_dmd_score,hc3_plus_test,32.0,64.0,0.6052631578947368,0.5634920634920635,0.9399999999999998,0.9533569949719018,0.9749296980191146,0.7481203007518797,0.6859213250517598,0.7117117117117117,0.9813664596273292,0.9813664596273292,0.3904761904761905,0.3904761904761905,0.825065274151436,0.4891746733335562,0.6095238095238096,0.0186335403726708,0.8074534161490683,0.84472049689441,0.8881987577639752,0.1047619047619047,0.2952380952380952,0.1522993316624895,0.1861152882205514,0.1861152882205514,0.4242082190927912,random_forest,,leave_out_ghostbuster,4.0,deep_dmd_best_available,
leave_out_ghostbuster,qwen25_1_5b,leave_out_ghostbuster_qwen25_1_5b_seq256_ld8_hd64_lr1em03_cfgC,full_plus_deep_dmd_score,m4_test,8.0,64.0,0.8488549618320611,0.2185746352413019,0.9688209432454036,0.9943580489144038,0.9989684428605102,0.9735368956743002,0.926295327374464,0.9752941176470588,0.9940047961630696,0.9940047961630696,0.8585858585858586,0.8585858585858586,0.9845605700712587,0.8940656676569163,0.1414141414141414,0.0059952038369304,0.8884892086330936,0.9766187050359711,0.9928057553956836,0.0168350168350168,0.037037037037037,0.0214488719253604,0.032303647158609,0.032303647158609,0.0815866689741714,random_forest,,leave_out_ghostbuster,4.0,deep_dmd_best_available,
leave_out_hc3_plus,qwen25_1_5b,leave_out_hc3_plus_qwen25_1_5b_seq256_ld8_hd64_lr1em03_cfgC,full_plus_deep_dmd_spectral,all_samples,8.0,64.0,0.5,0.6336222222222222,0.6841777777777778,0.6134222222222222,0.5945994424445715,0.51,0.51,0.5057471264367817,0.88,0.88,0.14,0.14,0.6423357664233577,0.02973505167250263,0.86,0.12,0.013333333333333334,0.02666666666666667,0.18,0.9,0.98,0.2721456666666667,0.18585555555555552,0.18585555555555552,0.7703292881408208,random_forest,,leave_out_hc3_plus,2.0,deep_dmd_best_available,
leave_out_hc3_plus,qwen25_1_5b,leave_out_hc3_plus_qwen25_1_5b_seq256_ld8_hd64_lr1em03_cfgC,full_plus_deep_dmd_spectral,ghostbuster_test,8.0,64.0,0.5776119402985075,0.16487632508833924,0.9242721791559001,0.990933245678911,0.992983933393663,0.9522388059701492,0.9472612558322149,0.9404466501240695,0.979328165374677,0.979328165374677,0.9151943462897526,0.9151943462897526,0.959493670886076,0.9024680198883734,0.08480565371024736,0.020671834625323,0.7648578811369509,0.9534883720930233,0.979328165374677,0.024734982332155476,0.045936395759717315,0.0413350912106136,0.057452736318407936,0.057452736318407936,0.15289087198226795,random_forest,,leave_out_hc3_plus,2.0,deep_dmd_best_available,
leave_out_hc3_plus,qwen25_1_5b,leave_out_hc3_plus_qwen25_1_5b_seq256_ld8_hd64_lr1em03_cfgC,full_plus_deep_dmd_spectral,hc3_plus_test,8.0,64.0,0.6052631578947368,0.676063492063492,0.9567494824016565,0.9475007394262053,0.9691292084409828,0.6578947368421053,0.5666666666666667,0.6388888888888888,1.0,1.0,0.13333333333333333,0.13333333333333333,0.7796610169491526,0.29186501192363773,0.8666666666666667,0.0,0.6521739130434783,0.7888198757763976,0.84472049689441,0.13333333333333333,0.2571428571428571,0.1988063909774436,0.24068922305764412,0.24068922305764412,0.5559136149557699,random_forest,,leave_out_hc3_plus,2.0,deep_dmd_best_available,
leave_out_hc3_plus,qwen25_1_5b,leave_out_hc3_plus_qwen25_1_5b_seq256_ld8_hd64_lr1em03_cfgC,full_plus_deep_dmd_spectral,m4_test,8.0,64.0,0.8488549618320611,0.2372615039281706,0.9623840927258194,0.991923632810923,0.9985101757850197,0.9674300254452927,0.9199307220889954,0.9739952718676123,0.988009592326139,0.988009592326139,0.8518518518518519,0.8518518518518519,0.9809523809523809,0.8697659252491312,0.14814814814814814,0.011990407673860911,0.8339328537170264,0.9784172661870504,0.9862110311750599,0.02356902356902357,0.037037037037037035,0.025022239185750635,0.035540288379983014,0.035540288379983014,0.09357454168359934,random_forest,,leave_out_hc3_plus,2.0,deep_dmd_best_available,
leave_out_m4,qwen25_1_5b,leave_out_m4_qwen25_1_5b_seq256_ld8_hd64_lr1em03_cfgC,deep_dmd_score_only,all_samples,8.0,64.0,0.5033557046979866,0.0544768957954295,0.05209732524463713,0.4843243243243244,0.4917507867756495,0.5,0.5032882882882883,0.6666666666666666,0.013333333333333334,0.013333333333333334,0.9932432432432432,0.9932432432432432,0.026143790849673203,0.03293856943062034,0.006756756756756757,0.9866666666666667,0.013333333333333334,0.04666666666666667,0.06666666666666667,0.8243243243243243,0.9324324324324325,0.4654400569753408,0.4559315699723738,0.4559315699723738,2.1099898237349555,,,leave_out_m4,6.0,deep_dmd_best_available,
leave_out_m4,qwen25_1_5b,leave_out_m4_qwen25_1_5b_seq256_ld8_hd64_lr1em03_cfgC,full_plus_deep_dmd_spectral,ghostbuster_test,8.0,64.0,0.5776119402985075,0.09020023557126032,0.9287510766580535,0.9975438500378923,0.9982928162756096,0.9731343283582089,0.9724710329525844,0.9767441860465116,0.9767441860465116,0.9767441860465116,0.9681978798586572,0.9681978798586572,0.9767441860465116,0.9449420659051688,0.03180212014134275,0.023255813953488372,0.9560723514211886,0.9896640826873385,0.9922480620155039,0.0,0.007067137809187279,0.024200995024875622,0.050218905472636896,0.050218905472636896,0.09811746565316953,random_forest,,leave_out_m4,2.0,deep_dmd_best_available,
leave_out_m4,qwen25_1_5b,leave_out_m4_qwen25_1_5b_seq256_ld8_hd64_lr1em03_cfgC,full_plus_deep_dmd_spectral,hc3_plus_test,8.0,64.0,0.6052631578947368,0.25022222222222223,0.8459627329192547,0.95125702454895,0.9711280206500553,0.8909774436090225,0.8850931677018633,0.9074074074074074,0.9130434782608695,0.9130434782608695,0.8571428571428571,0.8571428571428571,0.9102167182662538,0.771488079015756,0.14285714285714285,0.08695652173913043,0.6645962732919255,0.8260869565217391,0.8509316770186336,0.11428571428571428,0.29523809523809524,0.08706056808688388,0.06092731829573932,0.06092731829573932,0.27736819369876237,random_forest,,leave_out_m4,2.0,deep_dmd_best_available,
leave_out_m4,qwen25_1_5b,leave_out_m4_qwen25_1_5b_seq256_ld8_hd64_lr1em03_cfgC,full_plus_deep_dmd_spectral,m4_test,8.0,64.0,0.8488549618320611,0.25980920314253647,0.7491446842525978,0.8875798351218014,0.9771536419348421,0.8,0.7908673061550759,0.9530916844349681,0.8039568345323741,0.8039568345323741,0.7777777777777778,0.7777777777777778,0.8721951219512195,0.462101101822195,0.2222222222222222,0.1960431654676259,0.38189448441247004,0.6031175059952039,0.6618705035971223,0.37037037037037035,0.4781144781144781,0.13908053717839977,0.17367090754877013,0.17367090754877013,0.4241969670766235,random_forest,,leave_out_m4,2.0,deep_dmd_best_available,
m4,qwen25_1_5b+qwen25_7b,m4_qwen25_1_5b_seq256_ld8_hd64_lr1em03_cfgC__m4_qwen25_7b_seq256_ld32_hd64_lr3em04_cfgB,full_plus_deep_dmd_1_5b_7b,all_samples,,,0.5,0.9054666666666666,0.932,0.6707555555555555,0.6485408614366878,0.5,0.5,0.5,1.0,1.0,0.0,0.0,0.6666666666666666,0.0,1.0,0.0,0.02,0.0666666666666666,0.2266666666666666,0.82,0.9333333333333332,0.4149361481481481,0.4187333333333334,0.4187333333333334,1.317321556350206,random_forest,336.0,m4,3.0,deep_dmd_best_available,
m4,qwen25_1_5b,m4_qwen25_1_5b_seq256_ld8_hd64_lr1em03_cfgC,full_plus_transition_plus_deep_dmd,ghostbuster_test,8.0,64.0,0.5776119402985075,0.3006713780918728,0.7986046511627907,0.9029546844897326,0.930798404886504,0.8238805970149253,0.8200071219218232,0.8493506493506493,0.8449612403100775,0.8449612403100775,0.7950530035335689,0.7950530035335689,0.8471502590673575,0.639419011910873,0.2049469964664311,0.1550387596899224,0.3953488372093023,0.5788113695090439,0.7157622739018088,0.3003533568904594,0.4805653710247349,0.1246894361525704,0.0365621890547263,0.0365621890547263,0.3867870368121784,random_forest,,m4,0.0,deep_dmd_best_available,
m4,qwen25_1_5b,m4_qwen25_1_5b_seq256_ld8_hd64_lr1em03_cfgC,full_plus_deep_dmd_score,hc3_plus_test,8.0,64.0,0.6052631578947368,0.8798412698412698,0.9878674948240168,0.9498077491866312,0.965765772446759,0.6165413533834586,0.5142857142857142,0.6121673003802282,1.0,1.0,0.0285714285714285,0.0285714285714285,0.7594339622641509,0.1322516324911641,0.9714285714285714,0.0,0.5590062111801242,0.6583850931677019,0.8074534161490683,0.1523809523809524,0.1904761904761904,0.3132318713450292,0.3399624060150373,0.3399624060150373,1.0054645343346709,random_forest,,m4,4.0,deep_dmd_best_available,
m4,qwen25_1_5b,m4_qwen25_1_5b_seq256_ld8_hd64_lr1em03_cfgC,full_plus_deep_dmd_score,m4_test,8.0,64.0,0.8488549618320611,0.2149719416386083,0.9747841726618706,0.994937383426592,0.9990776579633256,0.9725190839694656,0.927079548482426,0.9758254716981132,0.9922062350119903,0.9922062350119903,0.8619528619528619,0.8619528619528619,0.983947681331748,0.8900736708471798,0.138047138047138,0.0077937649880095,0.8896882494004796,0.9784172661870504,0.9922062350119903,0.0134680134680134,0.0269360269360269,0.0206494656488549,0.0250076335877861,0.0250076335877861,0.0766233250538435,random_forest,,m4,4.0,deep_dmd_best_available,
,,,full_plus_1_5b_and_7b_transition,all_samples,,,,,,0.5898444444444445,0.602844726619542,,,,,,,,0.6666666666666666,,,,0.0266666666666666,0.1066666666666666,,,,0.4357847037037037,,,,,,m4,,transition_best_available,0.4328555555555554
,,,full_plus_1_5b_and_7b_transition,m4_test,,,,,,0.9930378929179888,0.9987502479488636,,,,,,,,0.9804733727810652,,,,0.8986810551558753,0.9694244604316546,,,,0.0268210347752332,,,,,,m4,,transition_best_available,0.0352230703986428
,,,full_plus_1_5b_and_7b_transition,ghostbuster_test,,,,,,0.9061367226376678,0.9316395020766578,,,,,,,,0.8508430609597925,,,,0.3565891472868217,0.6227390180878553,,,,0.1221420066334991,,,,,,m4,,transition_best_available,0.0229900497512437
,,,full_plus_1_5b_and_7b_transition,hc3_plus_test,,,,,,0.9031351671103224,0.9313229941119472,,,,,,,,0.7594339622641509,,,,0.2857142857142857,0.6521739130434783,,,,0.3169333333333333,,,,,,m4,,transition_best_available,0.3401253132832079
,,,full_plus_1_5b_and_7b_transition,all_samples,,,,,,0.6602888888888888,0.6252395899838874,,,,,,,,0.672463768115942,,,,0.02,0.08,,,,0.2385868888888888,,,,,,combined_strict,,transition_best_available,0.0713999999999999
,,,full_plus_1_5b_and_7b_transition,m4_test,,,,,,0.9877229529507708,0.9976761726882736,,,,,,,,0.9786096256684492,,,,0.8279376498800959,0.960431654676259,,,,0.0317681933842239,,,,,,combined_strict,,transition_best_available,0.0408871925360474
,,,full_plus_1_5b_and_7b_transition,ghostbuster_test,,,,,,0.9899973521059888,0.992448405876862,,,,,,,,0.9607097591888466,,,,0.7467700258397932,0.9560723514211886,,,,0.0454033001658374,,,,,,combined_strict,,transition_best_available,0.0666119402985074
,,,full_plus_1_5b_and_7b_transition,hc3_plus_test,,,,,,0.9477077787636794,0.9694647232822272,,,,,,,,0.8373333333333334,,,,0.6832298136645962,0.8571428571428571,,,,0.1377993734335839,,,,,,combined_strict,,transition_best_available,0.1594862155388471
,,,full_plus_1_5b_and_7b_transition,all_samples,,,,,,0.6950666666666667,0.6592289640533262,,,,,,,,0.6799007444168734,,,,0.02,0.0933333333333333,,,,0.2458554074074074,,,,,,leave_out_ghostbuster,,transition_best_available,0.1487555555555555
,,,full_plus_1_5b_and_7b_transition,m4_test,,,,,,0.9905550307228964,0.9982405251260174,,,,,,,,0.9813443885105124,,,,0.8111510791366906,0.9562350119904076,,,,0.0281972801809443,,,,,,leave_out_ghostbuster,,transition_best_available,0.0411348600508905
,,,full_plus_1_5b_and_7b_transition,ghostbuster_test,,,,,,0.9195131527287004,0.9438745300109298,,,,,,,,0.8571428571428571,,,,0.4754521963824289,0.6976744186046512,,,,0.1134853565505804,,,,,,leave_out_ghostbuster,,transition_best_available,0.0305721393034825
,,,full_plus_1_5b_and_7b_transition,hc3_plus_test,,,,,,0.9536231884057972,0.9729391150253316,,,,,,,,0.8102564102564103,,,,0.8012422360248447,0.8509316770186336,,,,0.1539906850459482,,,,,,leave_out_ghostbuster,,transition_best_available,0.1946240601503759
,,,cleaned_full_allfeatures_source_matrix,ghostbuster_test,,,,,,0.997744724755983,0.9984513044945122,,,,,,,,0.980544747081712,,,,0.9612403100775194,0.9870801033591732,,,0.0035335689045936,0.0230376285240464,,,,,,ghostbuster,,cleaned_full_source_matrix_reference,0.047318407960199
,,,cleaned_full_allfeatures_source_matrix,m4_test,,,,,,0.862422183465349,0.9702580522118378,,,,,,,,0.8498677248677249,,,,0.2422062350119904,0.5329736211031175,,,0.5454545454545454,0.1645929375176703,,,,,,ghostbuster,,cleaned_full_source_matrix_reference,0.2197879558948261
,,,cleaned_full_allfeatures_source_matrix,hc3_plus_test,,,,,,0.901715468796214,0.9452768738383568,,,,,,,,0.8448844884488449,,,,0.639751552795031,0.6956521739130435,,,0.5523809523809524,0.1251135338345864,,,,,,ghostbuster,,cleaned_full_source_matrix_reference,0.0597994987468671
,,,cleaned_full_allfeatures_source_matrix,all_samples,,,,,,0.271311111111111,0.3729348205728833,,,,,,,,0.0329670329670329,,,,0.0066666666666666,0.0066666666666666,,,0.9866666666666668,0.4175217037037037,,,,,,ghostbuster,,cleaned_full_source_matrix_reference,0.4207333333333334
,,,cleaned_full_allfeatures_source_matrix,ghostbuster_test,,,,,,0.9003844011650733,0.9267918215366142,,,,,,,,0.8428005284015853,,,,0.3901808785529715,0.5581395348837209,,,0.4805653710247349,0.1277872139303482,,,,,,m4,,cleaned_full_source_matrix_reference,0.0426119402985074
,,,cleaned_full_allfeatures_source_matrix,m4_test,,,,,,0.9942480359147026,0.9989507649671864,,,,,,,,0.98220640569395,,,,0.8866906474820144,0.9760191846522782,,,0.0269360269360269,0.0224753124116482,,,,,,m4,,cleaned_full_source_matrix_reference,0.0267837150127227
,,,cleaned_full_allfeatures_source_matrix,hc3_plus_test,,,,,,0.9369417332150252,0.9503359342996942,,,,,,,,0.7594339622641509,,,,0.4037267080745341,0.6024844720496895,,,0.2666666666666666,0.3137184628237259,,,,,,m4,,cleaned_full_source_matrix_reference,0.3396491228070175
,,,cleaned_full_allfeatures_source_matrix,all_samples,,,,,,0.6513555555555556,0.6251646474113441,,,,,,,,0.6666666666666666,,,,0.0,0.0666666666666666,,,0.98,0.4146216296296297,,,,,,m4,,cleaned_full_source_matrix_reference,0.4159555555555554
,,,cleaned_full_allfeatures_source_matrix,ghostbuster_test,,,,,,0.9344874498954536,0.9562291251666024,,,,,,,,0.8121212121212121,,,,0.5607235142118863,0.751937984496124,,,0.3851590106007067,0.1460111774461028,,,,,,hc3_plus,,cleaned_full_source_matrix_reference,0.172318407960199
,,,cleaned_full_allfeatures_source_matrix,m4_test,,,,,,0.9163891109334756,0.9822662899711012,,,,,,,,0.8732207878186031,,,,0.2877697841726618,0.6336930455635491,,,0.3973063973063973,0.1343367430025445,,,,,,hc3_plus,,cleaned_full_source_matrix_reference,0.2000966921119592
,,,cleaned_full_allfeatures_source_matrix,hc3_plus_test,,,,,,0.9632653061224492,0.97767497679578,,,,,,,,0.9130434782608696,,,,0.6956521739130435,0.8322981366459627,,,0.1904761904761904,0.0758722222222222,,,,,,hc3_plus,,cleaned_full_source_matrix_reference,0.0566791979949874
,,,cleaned_full_allfeatures_source_matrix,all_samples,,,,,,0.5970666666666666,0.5795522949127698,,,,,,,,0.108433734939759,,,,0.0266666666666666,0.06,,,0.92,0.3043896296296297,,,,,,hc3_plus,,cleaned_full_source_matrix_reference,0.2471333333333333
,,,cleaned_full_allfeatures_source_matrix,ghostbuster_test,,,,,,0.992248062015504,0.9938420831931558,,,,,,,,0.9632446134347274,,,,0.7803617571059431,0.9741602067183462,,,0.0318021201413427,0.0379604643449419,,,,,,combined_strict,,cleaned_full_source_matrix_reference,0.05836815920398
,,,cleaned_full_allfeatures_source_matrix,m4_test,,,,,,0.9910909656113494,0.998341285358454,,,,,,,,0.9827483640690066,,,,0.8045563549160671,0.9646282973621104,,,0.0336700336700336,0.0259770087644896,,,,,,combined_strict,,cleaned_full_source_matrix_reference,0.0348329092451228
,,,cleaned_full_allfeatures_source_matrix,hc3_plus_test,,,,,,0.9511387163561076,0.972767194988169,,,,,,,,0.8432432432432433,,,,0.7329192546583851,0.8633540372670807,,,0.3428571428571428,0.1364674603174603,,,,,,combined_strict,,cleaned_full_source_matrix_reference,0.160438596491228
,,,cleaned_full_allfeatures_source_matrix,all_samples,,,,,,0.6332444444444445,0.6186989044672537,,,,,,,,0.6193548387096774,,,,0.02,0.0466666666666666,,,0.94,0.2442302222222222,,,,,,combined_strict,,cleaned_full_source_matrix_reference,0.0847777777777777
,,,cleaned_full_allfeatures_source_matrix,ghostbuster_test,,,,,,0.9894175546242272,0.9925959522197156,,,,,,,,0.9394347240915208,,,,0.834625322997416,0.9483204134366924,,,0.0565371024734982,0.0532098341625207,,,,,,balanced_combined_strict,,cleaned_full_source_matrix_reference,0.0770796019900497
,,,cleaned_full_allfeatures_source_matrix,m4_test,,,,,,0.9544475530686564,0.9912012918428283,,,,,,,,0.9232720355104628,,,,0.5671462829736211,0.7547961630695443,,,0.2457912457912457,0.0870966581849024,,,,,,balanced_combined_strict,,cleaned_full_source_matrix_reference,0.125696352841391
,,,cleaned_full_allfeatures_source_matrix,hc3_plus_test,,,,,,0.9666075125702456,0.9798074093611606,,,,,,,,0.9216300940438872,,,,0.7018633540372671,0.8571428571428571,,,0.219047619047619,0.0748842522974101,,,,,,balanced_combined_strict,,cleaned_full_source_matrix_reference,0.0661779448621554
,,,cleaned_full_allfeatures_source_matrix,all_samples,,,,,,0.5213333333333333,0.5337284941421168,,,,,,,,0.1403508771929824,,,,0.0333333333333333,0.0733333333333333,,,0.94,0.3235578148148148,,,,,,balanced_combined_strict,,cleaned_full_source_matrix_reference,0.2645222222222221
,,,cleaned_full_allfeatures_source_matrix,ghostbuster_test,,,,,,0.9077482857168944,0.9356999901505916,,,,,,,,0.8443271767810027,,,,0.4418604651162791,0.6304909560723514,,,0.4876325088339223,0.1216054228855721,,,,,,leave_out_ghostbuster,,cleaned_full_source_matrix_reference,0.0405323383084576
,,,cleaned_full_allfeatures_source_matrix,m4_test,,,,,,0.9924989301488104,0.998599710127872,,,,,,,,0.9813333333333332,,,,0.842326139088729,0.9664268585131894,,,0.0336700336700336,0.0238613344642352,,,,,,leave_out_ghostbuster,,cleaned_full_source_matrix_reference,0.0324088210347752
,,,cleaned_full_allfeatures_source_matrix,hc3_plus_test,,,,,,0.953416149068323,0.9741380358610224,,,,,,,,0.8186528497409327,,,,0.7515527950310559,0.8757763975155279,,,0.2952380952380952,0.153303216374269,,,,,,leave_out_ghostbuster,,cleaned_full_source_matrix_reference,0.1878822055137844
,,,cleaned_full_allfeatures_source_matrix,all_samples,,,,,,0.6486444444444445,0.6230261740412133,,,,,,,,0.6542553191489362,,,,0.02,0.06,,,0.8866666666666667,0.250356037037037,,,,,,leave_out_ghostbuster,,cleaned_full_source_matrix_reference,0.1250777777777778
,,,cleaned_full_allfeatures_source_matrix,ghostbuster_test,,,,,,0.9976579834004438,0.9983885480789224,,,,,,,,0.979328165374677,,,,0.9509043927648578,0.992248062015504,,,0.0070671378091872,0.0234135986733001,,,,,,leave_out_m4,,cleaned_full_source_matrix_reference,0.048228855721393
,,,cleaned_full_allfeatures_source_matrix,m4_test,,,,,,0.886458509959709,0.9769421161436622,,,,,,,,0.8692533420280404,,,,0.3764988009592326,0.6037170263788969,,,0.4781144781144781,0.1398288832343794,,,,,,leave_out_m4,,cleaned_full_source_matrix_reference,0.1729499575911789
,,,cleaned_full_allfeatures_source_matrix,hc3_plus_test,,,,,,0.9506654835847383,0.9707630347015864,,,,,,,,0.906832298136646,,,,0.6645962732919255,0.8260869565217391,,,0.219047619047619,0.0874610693400167,,,,,,leave_out_m4,,cleaned_full_source_matrix_reference,0.0557142857142857
,,,cleaned_full_allfeatures_source_matrix,all_samples,,,,,,0.4035777777777777,0.448311922532198,,,,,,,,0.0823529411764705,,,,0.02,0.04,,,0.9866666666666668,0.3520182222222222,,,,,,leave_out_m4,,cleaned_full_source_matrix_reference,0.2995333333333334
,,,cleaned_full_allfeatures_source_matrix,ghostbuster_test,,,,,,0.9905314962427296,0.9923753904732616,,,,,,,,0.9608091024020228,,,,0.7674418604651163,0.9560723514211886,,,0.0424028268551236,0.0405622222222222,,,,,,leave_out_hc3_plus,,cleaned_full_source_matrix_reference,0.0572238805970149
,,,cleaned_full_allfeatures_source_matrix,m4_test,,,,,,0.9919407908017022,0.9985070572353344,,,,,,,,0.9815695600475624,,,,0.8069544364508393,0.9730215827338128,,,0.0336700336700336,0.0246175685609273,,,,,,leave_out_hc3_plus,,cleaned_full_source_matrix_reference,0.0328329092451229
,,,cleaned_full_allfeatures_source_matrix,hc3_plus_test,,,,,,0.9535048802129548,0.97277021190388,,,,,,,,0.7950617283950617,,,,0.7018633540372671,0.7950310559006211,,,0.3047619047619048,0.1969272765246449,,,,,,leave_out_hc3_plus,,cleaned_full_source_matrix_reference,0.2406641604010025
,,,cleaned_full_allfeatures_source_matrix,all_samples,,,,,,0.592311111111111,0.5833728650154535,,,,,,,,0.6354679802955665,,,,0.0133333333333333,0.02,,,0.9733333333333334,0.2765087037037037,,,,,,leave_out_hc3_plus,,cleaned_full_source_matrix_reference,0.1749888888888889
