status,experiment,model,train_source,feature_set,test_set,best_model,n_features,positive_class_rate,mean_ai_probability_human,mean_ai_probability_ai,auroc,auprc,accuracy,balanced_accuracy,precision,recall,tpr,specificity,tnr,f1,mcc,fpr,fnr,tpr_at_fpr_1pct,tpr_at_fpr_5pct,tpr_at_fpr_10pct,fpr_at_tpr_90pct,fpr_at_tpr_95pct,brier_score,expected_calibration_error,ECE,log_loss
ok,leave_out_ghostbuster_qwen25_1_5b_hidden_to_obs3072_rank16_len256_n300,qwen25_1_5b,leave_out_ghostbuster,strict_koopman_spectral_only,all_samples,RandomForest,39,0.5,0.5959111111111112,0.6258666666666667,0.5202666666666667,0.5133401846972894,0.5366666666666666,0.5366666666666666,0.5248868778280543,0.7733333333333333,0.7733333333333333,0.3,0.3,0.6253369272237197,0.08324976239880903,0.7,0.22666666666666666,0.02,0.06,0.08666666666666667,0.84,0.9,0.2932572592592592,0.17986666666666667,0.17986666666666667,0.8148525846201746
ok,leave_out_ghostbuster_qwen25_1_5b_hidden_to_obs3072_rank16_len256_n300,qwen25_1_5b,leave_out_ghostbuster,strict_koopman_spectral_only,m4_test,RandomForest,39,0.85,0.6165185185185185,0.8206013071895425,0.8086710239651417,0.9603416024762945,0.8366666666666667,0.5745098039215686,0.8705035971223022,0.9490196078431372,0.9490196078431372,0.2,0.2,0.9080675422138836,0.2041202186726938,0.8,0.050980392156862744,0.3058823529411765,0.4235294117647059,0.5254901960784314,0.5777777777777777,0.8222222222222222,0.11665685185185187,0.06750000000000002,0.06750000000000002,0.36801676472174105
ok,leave_out_ghostbuster_qwen25_1_5b_hidden_to_obs3072_rank16_len256_n300,qwen25_1_5b,leave_out_ghostbuster,strict_koopman_spectral_only,ghostbuster_test,RandomForest,39,0.5766666666666667,0.6710761154855643,0.888805394990366,0.8408811615311091,0.8825738856959882,0.65,0.5866141732283464,0.6223021582733813,1.0,1.0,0.1732283464566929,0.1732283464566929,0.7671840354767184,0.3283296725459474,0.8267716535433071,0.0,0.27167630057803466,0.5260115606936416,0.6069364161849711,0.5590551181102362,0.6377952755905512,0.22605699999999998,0.21996666666666667,0.21996666666666667,0.6487466034076808
ok,leave_out_ghostbuster_qwen25_1_5b_hidden_to_obs3072_rank16_len256_n300,qwen25_1_5b,leave_out_ghostbuster,strict_koopman_spectral_only,hc3_plus_test,RandomForest,39,0.6052631578947368,0.38342857142857145,0.8902898550724638,0.9457556935817806,0.9598615412097918,0.8533834586466166,0.820910973084886,0.8177083333333334,0.9751552795031055,0.9751552795031055,0.6666666666666666,0.6666666666666666,0.8895184135977338,0.7000929050689643,0.3333333333333333,0.024844720496894408,0.4968944099378882,0.6459627329192547,0.8509316770186336,0.1523809523809524,0.26666666666666666,0.10444866332497912,0.10226817042606513,0.10226817042606513,0.33496215866699464
ok,leave_out_ghostbuster_qwen25_1_5b_hidden_to_obs3072_rank16_len256_n300,qwen25_1_5b,leave_out_ghostbuster,full_plus_strict_koopman,all_samples,RandomForest,315,0.5,0.4384444444444444,0.5160444444444443,0.6183777777777777,0.6340883081383675,0.5766666666666667,0.5766666666666667,0.5827338129496403,0.54,0.54,0.6133333333333333,0.6133333333333333,0.5605536332179931,0.15374730004564566,0.38666666666666666,0.46,0.02666666666666667,0.2,0.25333333333333335,0.7666666666666667,0.8466666666666667,0.2412723703703704,0.08422222222222224,0.08422222222222224,0.6744654791302935
ok,leave_out_ghostbuster_qwen25_1_5b_hidden_to_obs3072_rank16_len256_n300,qwen25_1_5b,leave_out_ghostbuster,full_plus_strict_koopman,m4_test,RandomForest,315,0.85,0.43244444444444446,0.9083398692810457,0.9655337690631809,0.9939164580263553,0.92,0.7973856209150327,0.9358490566037736,0.9725490196078431,0.9725490196078431,0.6222222222222222,0.6222222222222222,0.9538461538461539,0.6615601689912328,0.37777777777777777,0.027450980392156862,0.7176470588235294,0.8431372549019608,0.9254901960784314,0.06666666666666667,0.15555555555555556,0.05675451851851852,0.06671111111111117,0.06671111111111117,0.19496981289264811
ok,leave_out_ghostbuster_qwen25_1_5b_hidden_to_obs3072_rank16_len256_n300,qwen25_1_5b,leave_out_ghostbuster,full_plus_strict_koopman,ghostbuster_test,RandomForest,315,0.5766666666666667,0.42246719160104984,0.8579961464354529,0.9382595239178918,0.9590260490542142,0.84,0.8235856356105775,0.817258883248731,0.930635838150289,0.930635838150289,0.7165354330708661,0.7165354330708661,0.8702702702702703,0.6734299337596196,0.28346456692913385,0.06936416184971098,0.653179190751445,0.7398843930635838,0.791907514450867,0.2283464566929134,0.36220472440944884,0.12078696296296296,0.11455555555555554,0.11455555555555554,0.36852650079568144
ok,leave_out_ghostbuster_qwen25_1_5b_hidden_to_obs3072_rank16_len256_n300,qwen25_1_5b,leave_out_ghostbuster,full_plus_strict_koopman,hc3_plus_test,RandomForest,315,0.6052631578947368,0.3073968253968254,0.9016563146997931,0.970452528837622,0.9814161159466704,0.9172932330827067,0.9035196687370601,0.9017341040462428,0.968944099378882,0.968944099378882,0.8380952380952381,0.8380952380952381,0.9341317365269461,0.8272518855917719,0.1619047619047619,0.031055900621118012,0.7018633540372671,0.84472049689441,0.8944099378881988,0.10476190476190476,0.12380952380952381,0.07623153717627403,0.08134085213032584,0.08134085213032584,0.2559724736309635
ok,leave_out_ghostbuster_qwen25_1_5b_hidden_to_obs3072_rank16_len256_n300,qwen25_1_5b,leave_out_ghostbuster,transition_plus_strict_koopman,all_samples,RandomForest,529,0.5,0.6648888888888889,0.6906,0.5353333333333332,0.5333360206870439,0.5533333333333333,0.5533333333333333,0.5317460317460317,0.8933333333333333,0.8933333333333333,0.21333333333333335,0.21333333333333335,0.6666666666666666,0.14547859349066158,0.7866666666666666,0.10666666666666667,0.03333333333333333,0.06,0.08,0.8,0.88,0.2874758148148148,0.18732222222222222,0.18732222222222222,0.7861555486949734
ok,leave_out_ghostbuster_qwen25_1_5b_hidden_to_obs3072_rank16_len256_n300,qwen25_1_5b,leave_out_ghostbuster,transition_plus_strict_koopman,m4_test,RandomForest,529,0.85,0.7204444444444444,0.7597385620915031,0.6231372549019608,0.9107007654327037,0.8,0.5254901960784314,0.8571428571428571,0.9176470588235294,0.9176470588235294,0.13333333333333333,0.13333333333333333,0.8863636363636364,0.0636086697675111,0.8666666666666667,0.08235294117647059,0.06666666666666667,0.2784313725490196,0.3058823529411765,0.8222222222222222,0.9111111111111111,0.14176007407407407,0.09615555555555545,0.09615555555555545,0.45281257201342917
ok,leave_out_ghostbuster_qwen25_1_5b_hidden_to_obs3072_rank16_len256_n300,qwen25_1_5b,leave_out_ghostbuster,transition_plus_strict_koopman,ghostbuster_test,RandomForest,529,0.5766666666666667,0.7245931758530183,0.808092485549133,0.7328296390696828,0.7456511410900764,0.6266666666666667,0.5590551181102362,0.6070175438596491,1.0,1.0,0.11811023622047244,0.11811023622047244,0.7554585152838428,0.2677591931105899,0.8818897637795275,0.0,0.028901734104046242,0.13872832369942195,0.2774566473988439,0.5748031496062992,0.5905511811023622,0.2512887777777778,0.19607777777777774,0.19607777777777774,0.7065854934176713
ok,leave_out_ghostbuster_qwen25_1_5b_hidden_to_obs3072_rank16_len256_n300,qwen25_1_5b,leave_out_ghostbuster,transition_plus_strict_koopman,hc3_plus_test,RandomForest,529,0.6052631578947368,0.5050793650793651,0.8105175983436852,0.9425317953268264,0.9539522272978811,0.849624060150376,0.8111801242236025,0.8040201005025126,0.9937888198757764,0.9937888198757764,0.6285714285714286,0.6285714285714286,0.8888888888888888,0.7007861232738863,0.37142857142857144,0.006211180124223602,0.453416149068323,0.6645962732919255,0.8012422360248447,0.1523809523809524,0.18095238095238095,0.13635664160401,0.19398496240601507,0.19398496240601507,0.44006142448309205
ok,leave_out_ghostbuster_qwen25_1_5b_hidden_to_obs3072_rank16_len256_n300,qwen25_1_5b,leave_out_ghostbuster,full_plus_transition_plus_strict_koopman,all_samples,RandomForest,805,0.5,0.41835555555555554,0.4755333333333334,0.6063555555555554,0.6153318952255258,0.5733333333333334,0.5733333333333334,0.6,0.44,0.44,0.7066666666666667,0.7066666666666667,0.5076923076923077,0.1521771820505364,0.29333333333333333,0.56,0.02,0.14666666666666667,0.26,0.8066666666666666,0.8666666666666667,0.24509344444444442,0.07670000000000003,0.07670000000000003,0.6838843251876263
ok,leave_out_ghostbuster_qwen25_1_5b_hidden_to_obs3072_rank16_len256_n300,qwen25_1_5b,leave_out_ghostbuster,full_plus_transition_plus_strict_koopman,m4_test,RandomForest,805,0.85,0.4337037037037037,0.9013856209150327,0.9651416122004358,0.9938115542957485,0.9266666666666666,0.8196078431372549,0.9429657794676806,0.9725490196078431,0.9725490196078431,0.6666666666666666,0.6666666666666666,0.9575289575289575,0.6941367447791004,0.3333333333333333,0.027450980392156862,0.7411764705882353,0.8470588235294118,0.9215686274509803,0.06666666666666667,0.15555555555555556,0.05849959259259259,0.06676666666666664,0.06676666666666664,0.199323881940638
ok,leave_out_ghostbuster_qwen25_1_5b_hidden_to_obs3072_rank16_len256_n300,qwen25_1_5b,leave_out_ghostbuster,full_plus_transition_plus_strict_koopman,ghostbuster_test,RandomForest,805,0.5766666666666667,0.44131233595800534,0.8615799614643546,0.9400345910518411,0.9601468447808943,0.8233333333333334,0.8039005962404988,0.7970297029702971,0.930635838150289,0.930635838150289,0.6771653543307087,0.6771653543307087,0.8586666666666667,0.6403209883286055,0.3228346456692913,0.06936416184971098,0.5780346820809249,0.7572254335260116,0.8265895953757225,0.1968503937007874,0.3700787401574803,0.12327496296296296,0.1187777777777778,0.1187777777777778,0.3758033834216888
ok,leave_out_ghostbuster_qwen25_1_5b_hidden_to_obs3072_rank16_len256_n300,qwen25_1_5b,leave_out_ghostbuster,full_plus_transition_plus_strict_koopman,hc3_plus_test,RandomForest,805,0.6052631578947368,0.3200952380952381,0.8846997929606625,0.9672286305826678,0.9791929123382124,0.9172932330827067,0.9068322981366459,0.9112426035502958,0.9565217391304348,0.9565217391304348,0.8571428571428571,0.8571428571428571,0.9333333333333333,0.8262734302131388,0.14285714285714285,0.043478260869565216,0.7080745341614907,0.7950310559006211,0.8509316770186336,0.12380952380952381,0.13333333333333333,0.08246541353383459,0.08849624060150384,0.08849624060150384,0.2743559707457064
ok,leave_out_ghostbuster_qwen25_1_5b_hidden_to_obs3072_rank32_len256_n300,qwen25_1_5b,leave_out_ghostbuster,strict_koopman_spectral_only,all_samples,RandomForest,39,0.5,0.6199333333333332,0.6590888888888887,0.540088888888889,0.534285178716511,0.5333333333333333,0.5333333333333333,0.5225225225225225,0.7733333333333333,0.7733333333333333,0.29333333333333333,0.29333333333333333,0.6236559139784946,0.0759934587645922,0.7066666666666667,0.22666666666666666,0.02666666666666667,0.07333333333333333,0.13333333333333333,0.8666666666666667,0.92,0.29564333333333337,0.1935111111111111,0.1935111111111111,0.8246805686304176
ok,leave_out_ghostbuster_qwen25_1_5b_hidden_to_obs3072_rank32_len256_n300,qwen25_1_5b,leave_out_ghostbuster,strict_koopman_spectral_only,m4_test,RandomForest,39,0.85,0.593925925925926,0.8151633986928105,0.8033551198257081,0.9588627277161729,0.83,0.6071895424836602,0.8805970149253731,0.9254901960784314,0.9254901960784314,0.28888888888888886,0.28888888888888886,0.9024856596558317,0.24797983907025337,0.7111111111111111,0.07450980392156863,0.2823529411764706,0.396078431372549,0.5019607843137255,0.6444444444444445,0.8666666666666667,0.11944533333333335,0.0683555555555555,0.0683555555555555,0.37355226601540287
ok,leave_out_ghostbuster_qwen25_1_5b_hidden_to_obs3072_rank32_len256_n300,qwen25_1_5b,leave_out_ghostbuster,strict_koopman_spectral_only,ghostbuster_test,RandomForest,39,0.5766666666666667,0.6356692913385825,0.8679383429672447,0.8409949478858496,0.8783406842737702,0.6733333333333333,0.6141732283464567,0.6383763837638377,1.0,1.0,0.2283464566929134,0.2283464566929134,0.7792792792792793,0.38179966640753865,0.7716535433070866,0.0,0.30057803468208094,0.3583815028901734,0.5086705202312138,0.4566929133858268,0.5275590551181102,0.20821025925925923,0.19294444444444442,0.19294444444444442,0.6011520089368871
ok,leave_out_ghostbuster_qwen25_1_5b_hidden_to_obs3072_rank32_len256_n300,qwen25_1_5b,leave_out_ghostbuster,strict_koopman_spectral_only,hc3_plus_test,RandomForest,39,0.6052631578947368,0.40047619047619043,0.9149275362318842,0.9482105885832594,0.9590161518512809,0.8646616541353384,0.8318840579710145,0.8238341968911918,0.9875776397515528,0.9875776397515528,0.6761904761904762,0.6761904761904762,0.8983050847457628,0.7270828322034929,0.3238095238095238,0.012422360248447204,0.4409937888198758,0.639751552795031,0.8881987577639752,0.13333333333333333,0.2,0.10411487050960734,0.10659147869674182,0.10659147869674182,0.3439768762506259
ok,leave_out_ghostbuster_qwen25_1_5b_hidden_to_obs3072_rank32_len256_n300,qwen25_1_5b,leave_out_ghostbuster,full_plus_strict_koopman,all_samples,RandomForest,315,0.5,0.4441555555555556,0.5170444444444445,0.6114666666666667,0.6267603650139243,0.5733333333333334,0.5733333333333334,0.5763888888888888,0.5533333333333333,0.5533333333333333,0.5933333333333334,0.5933333333333334,0.564625850340136,0.14678414098799655,0.4066666666666667,0.44666666666666666,0.02,0.18,0.26,0.7733333333333333,0.8266666666666667,0.24464792592592594,0.09679999999999998,0.09679999999999998,0.6831826211579893
ok,leave_out_ghostbuster_qwen25_1_5b_hidden_to_obs3072_rank32_len256_n300,qwen25_1_5b,leave_out_ghostbuster,full_plus_strict_koopman,m4_test,RandomForest,315,0.85,0.43511111111111106,0.9096339869281046,0.962788671023965,0.9933178175648492,0.9266666666666666,0.8104575163398693,0.939622641509434,0.9764705882352941,0.9764705882352941,0.6444444444444445,0.6444444444444445,0.9576923076923077,0.6906397368589793,0.35555555555555557,0.023529411764705882,0.7137254901960784,0.8196078431372549,0.8941176470588236,0.1111111111111111,0.13333333333333333,0.057211,0.07596666666666672,0.07596666666666672,0.195271813399507
ok,leave_out_ghostbuster_qwen25_1_5b_hidden_to_obs3072_rank32_len256_n300,qwen25_1_5b,leave_out_ghostbuster,full_plus_strict_koopman,ghostbuster_test,RandomForest,315,0.5766666666666667,0.4248556430446195,0.8617533718689788,0.9430385508169861,0.961447278862215,0.8333333333333334,0.8136179509353239,0.8029556650246306,0.9421965317919075,0.9421965317919075,0.6850393700787402,0.6850393700787402,0.8670212765957447,0.6625549982270594,0.31496062992125984,0.057803468208092484,0.6416184971098265,0.7398843930635838,0.8265895953757225,0.2125984251968504,0.33070866141732286,0.11907377777777778,0.11844444444444441,0.11844444444444441,0.36736875337742825
ok,leave_out_ghostbuster_qwen25_1_5b_hidden_to_obs3072_rank32_len256_n300,qwen25_1_5b,leave_out_ghostbuster,full_plus_strict_koopman,hc3_plus_test,RandomForest,315,0.6052631578947368,0.31530158730158725,0.9078053830227744,0.9713102632357291,0.98167881003022,0.9135338345864662,0.8987577639751554,0.896551724137931,0.968944099378882,0.968944099378882,0.8285714285714286,0.8285714285714286,0.9313432835820895,0.8195551759313906,0.17142857142857143,0.031055900621118012,0.7142857142857143,0.8509316770186336,0.9130434782608695,0.09523809523809523,0.12380952380952381,0.07706754385964912,0.08587719298245615,0.08587719298245615,0.25785517022852894
ok,leave_out_ghostbuster_qwen25_1_5b_hidden_to_obs3072_rank32_len256_n300,qwen25_1_5b,leave_out_ghostbuster,transition_plus_strict_koopman,all_samples,RandomForest,529,0.5,0.6635333333333333,0.6822666666666667,0.5286888888888889,0.5291424211378756,0.5466666666666666,0.5466666666666666,0.5269230769230769,0.9133333333333333,0.9133333333333333,0.18,0.18,0.6682926829268293,0.13728129459672883,0.82,0.08666666666666667,0.03333333333333333,0.04,0.1,0.8066666666666666,0.8933333333333333,0.2847435925925926,0.18516666666666662,0.18516666666666662,0.7764401173922626
ok,leave_out_ghostbuster_qwen25_1_5b_hidden_to_obs3072_rank32_len256_n300,qwen25_1_5b,leave_out_ghostbuster,transition_plus_strict_koopman,m4_test,RandomForest,529,0.85,0.7062222222222222,0.7385751633986929,0.6284531590413943,0.9115088822740424,0.79,0.5287581699346405,0.8582089552238806,0.9019607843137255,0.9019607843137255,0.15555555555555556,0.15555555555555556,0.8795411089866156,0.06653117633592164,0.8444444444444444,0.09803921568627451,0.10588235294117647,0.1843137254901961,0.35294117647058826,0.8222222222222222,0.9111111111111111,0.1478724074074074,0.11849999999999997,0.11849999999999997,0.46792858437061624
ok,leave_out_ghostbuster_qwen25_1_5b_hidden_to_obs3072_rank32_len256_n300,qwen25_1_5b,leave_out_ghostbuster,transition_plus_strict_koopman,ghostbuster_test,RandomForest,529,0.5766666666666667,0.704724409448819,0.7886319845857418,0.7346502207455282,0.7572277751098376,0.6333333333333333,0.5669291338582677,0.6113074204946997,1.0,1.0,0.13385826771653545,0.13385826771653545,0.7587719298245614,0.2860569040412837,0.8661417322834646,0.0,0.06936416184971098,0.15606936416184972,0.17341040462427745,0.5748031496062992,0.6141732283464567,0.2429723703703703,0.17644444444444446,0.17644444444444446,0.6845137705144102
ok,leave_out_ghostbuster_qwen25_1_5b_hidden_to_obs3072_rank32_len256_n300,qwen25_1_5b,leave_out_ghostbuster,transition_plus_strict_koopman,hc3_plus_test,RandomForest,529,0.6052631578947368,0.5247619047619048,0.7987991718426503,0.9284235433303757,0.9353413813701535,0.8308270676691729,0.7873706004140787,0.7843137254901961,0.9937888198757764,0.9937888198757764,0.580952380952381,0.580952380952381,0.8767123287671232,0.6644602268353201,0.41904761904761906,0.006211180124223602,0.2236024844720497,0.4472049689440994,0.7515527950310559,0.1523809523809524,0.18095238095238095,0.14439674185463658,0.1878696741854636,0.1878696741854636,0.45948321752994803
ok,leave_out_ghostbuster_qwen25_1_5b_hidden_to_obs3072_rank32_len256_n300,qwen25_1_5b,leave_out_ghostbuster,full_plus_transition_plus_strict_koopman,all_samples,RandomForest,805,0.5,0.4139555555555556,0.46946666666666675,0.6132888888888889,0.6156632345348716,0.57,0.5700000000000001,0.6082474226804123,0.3933333333333333,0.3933333333333333,0.7466666666666667,0.7466666666666667,0.4777327935222672,0.14965299357380912,0.25333333333333335,0.6066666666666667,0.013333333333333334,0.16,0.24,0.8133333333333334,0.8533333333333334,0.24453644444444442,0.08062222222222228,0.08062222222222228,0.6826051100719104
ok,leave_out_ghostbuster_qwen25_1_5b_hidden_to_obs3072_rank32_len256_n300,qwen25_1_5b,leave_out_ghostbuster,full_plus_transition_plus_strict_koopman,m4_test,RandomForest,805,0.85,0.42466666666666664,0.8959738562091502,0.9635294117647059,0.9935829697421146,0.9333333333333333,0.8509803921568627,0.9536679536679536,0.9686274509803922,0.9686274509803922,0.7333333333333333,0.7333333333333333,0.9610894941634242,0.7297051094906416,0.26666666666666666,0.03137254901960784,0.7333333333333333,0.8313725490196079,0.9176470588235294,0.06666666666666667,0.13333333333333333,0.059908481481481486,0.0693000000000001,0.0693000000000001,0.2038919971276276
ok,leave_out_ghostbuster_qwen25_1_5b_hidden_to_obs3072_rank32_len256_n300,qwen25_1_5b,leave_out_ghostbuster,full_plus_transition_plus_strict_koopman,ghostbuster_test,RandomForest,805,0.5766666666666667,0.42824146981627287,0.8534682080924855,0.936666514951527,0.9589005230686468,0.8333333333333334,0.8188521232533794,0.8186528497409327,0.9132947976878613,0.9132947976878613,0.7244094488188977,0.7244094488188977,0.8633879781420765,0.6577694179028729,0.2755905511811024,0.08670520231213873,0.6589595375722543,0.7572254335260116,0.8439306358381503,0.2125984251968504,0.4330708661417323,0.12123003703703704,0.12076666666666663,0.12076666666666663,0.3729384500652563
ok,leave_out_ghostbuster_qwen25_1_5b_hidden_to_obs3072_rank32_len256_n300,qwen25_1_5b,leave_out_ghostbuster,full_plus_transition_plus_strict_koopman,hc3_plus_test,RandomForest,805,0.6052631578947368,0.33533333333333326,0.8823188405797102,0.9656610470275067,0.9782176050510628,0.9135338345864662,0.9037267080745341,0.9107142857142857,0.9503105590062112,0.9503105590062112,0.8571428571428571,0.8571428571428571,0.9300911854103343,0.8181960624154586,0.14285714285714285,0.049689440993788817,0.7142857142857143,0.7701863354037267,0.84472049689441,0.11428571428571428,0.13333333333333333,0.08639486215538848,0.09181704260651632,0.09181704260651632,0.2846732864017392
